year,month,day,intercepted,fugitive,drunk,accidents,killed,injured
2008,12,2,740,349,349,135,17,144
2008,12,3,612,381,269,123,14,129
2008,12,4,706,375,316,147,16,162
2008,12,5,767,375,373,138,15,155
2008,12,6,844,191,429,111,14,148
2008,12,7,878,192,440,118,17,161
2008,12,8,701,321,317,149,16,160
2008,12,9,657,375,301,115,6,135
2008,12,10,732,405,362,117,14,122
2008,12,11,747,393,374,118,8,146
2008,12,12,835,421,423,144,19,173
2008,12,13,968,563,233,106,22,138
2008,12,14,780,460,172,95,6,135
2008,12,15,631,297,289,148,16,173
2008,12,16,632,365,292,127,11,143
2008,12,17,507,322,232,87,10,119
2008,12,18,891,464,373,180,15,244
2008,12,19,658,356,303,196,13,221
2008,12,20,726,221,365,178,15,225
2008,12,21,780,175,363,112,12,156
2008,12,27,577,314,329,62,14,87
2008,12,28,535,141,238,42,9,53
2008,12,29,520,360,219,82,1,94
2008,12,30,530,386,204,94,3,108
2009,1,1,817,98,426,75,19,108
2009,1,2,444,243,221,93,14,118
2009,1,3,432,186,183,62,5,86
2009,1,4,435,144,195,54,7,71
2009,1,5,388,276,154,68,1,85
2009,1,6,376,340,146,75,9,90
2009,1,7,414,364,149,83,9,106
2009,1,8,402,341,170,64,4,81
2009,1,9,682,402,277,106,9,135
2009,1,10,647,205,318,98,9,146
2009,1,11,786,192,393,66,13,99
2009,1,12,627,375,269,103,3,132
2009,1,13,593,395,250,81,8,92
2009,1,14,811,453,376,82,5,99
2009,1,15,683,408,293,118,13,143
2009,1,16,679,400,289,101,10,119
2009,1,17,687,184,328,76,12,94
2009,1,18,671,144,331,75,6,116
2009,1,19,623,310,247,119,4,164
2009,1,20,638,417,260,76,3,87
2009,1,21,695,445,283,97,11,127
2009,1,22,709,481,318,88,10,102
2009,1,23,682,435,289,102,18,127
2009,1,24,760,226,366,113,27,146
2009,1,25,786,137,402,71,13,95
2009,1,26,624,350,261,104,9,149
2009,1,27,657,450,239,79,7,91
2009,1,28,709,508,261,63,7,70
2009,1,29,647,581,250,65,8,80
2009,1,30,786,397,320,100,10,124
2009,1,31,717,179,337,127,9,171
2009,2,1,706,149,335,75,9,112
2009,2,2,568,426,240,94,11,116
2009,2,3,578,328,234,69,6,72
2009,2,4,731,369,308,94,11,114
2009,2,5,759,406,303,99,10,139
2009,2,6,854,368,381,116,12,139
2009,2,7,842,203,440,111,9,138
2009,2,8,864,165,461,99,3,144
2009,2,9,687,342,339,102,4,104
2009,2,10,766,408,329,83,9,124
2009,2,11,800,395,334,125,13,189
2009,2,12,766,450,299,108,9,121
2009,2,13,855,369,406,111,11,140
2009,2,14,819,169,382,97,12,135
2009,2,15,729,178,381,65,4,105
2009,2,16,560,304,236,82,6,120
2009,2,17,567,441,211,64,11,78
2009,2,18,578,417,192,75,8,94
2009,2,19,621,293,235,59,2,72
2009,2,20,691,428,284,76,7,84
2009,2,21,623,192,319,65,6,92
2009,2,22,747,159,369,57,6,85
2009,2,23,590,326,246,58,10,67
2009,2,24,730,431,298,86,12,96
2009,2,25,767,390,312,56,1,74
2009,2,26,771,379,298,79,6,96
2009,2,27,753,438,321,95,4,111
2009,2,28,825,233,382,77,12,103
2009,3,1,759,156,369,62,9,76
2009,3,2,695,304,290,74,4,85
2009,3,3,804,421,322,80,7,93
2009,3,4,824,393,357,83,10,96
2009,3,5,361,420,379,68,6,82
2009,3,6,845,345,393,80,9,85
2009,3,7,840,160,429,112,10,146
2009,3,8,842,176,429,81,9,130
2009,3,9,835,331,387,86,10,118
2009,3,10,782,425,319,84,7,97
2009,3,11,883,454,363,76,8,85
2009,3,12,852,411,390,83,4,97
2009,3,13,893,410,403,112,6,124
2009,3,14,894,193,439,78,9,90
2009,3,15,901,165,463,71,9,108
2009,3,16,817,364,376,85,10,99
2009,3,17,780,431,336,80,9,90
2009,3,18,837,457,325,86,5,102
2009,3,19,893,404,426,87,7,99
2009,3,20,955,502,214,99,5,125
2009,3,21,961,177,415,88,13,113
2009,3,22,967,146,525,72,14,88
2009,3,23,684,322,291,103,4,116
2009,3,24,731,427,311,108,7,122
2009,3,25,818,401,301,104,7,132
2009,3,26,770,430,320,64,4,76
2009,3,27,855,432,395,85,10,134
2009,3,28,933,178,395,85,10,134
2009,3,29,927,143,450,80,13,101
2009,3,30,846,355,394,112,3,150
2009,3,31,902,438,387,103,5,119
2009,4,1,923,345,436,98,10,113
2009,4,2,966,376,461,117,6,133
2009,4,3,958,385,461,130,8,157
2009,4,4,1096,201,598,124,14,153
2009,4,5,1184,156,622,102,12,162
2009,4,6,1106,320,655,110,13,130
2009,4,7,914,386,439,109,4,143
2009,4,8,961,407,455,89,7,101
2009,4,9,1063,393,507,138,13,188
2009,4,10,1125,444,555,121,5,161
2009,4,11,924,214,545,99,13,131
2009,4,12,570,150,344,74,7,114
2009,4,13,896,156,515,88,10,136
2009,4,14,974,517,551,109,3,132
2009,4,15,908,423,439,103,13,121
2009,4,16,915,382,399,97,9,111
2009,4,17,871,418,450,94,4,108
2009,4,18,926,211,502,101,9,137
2009,4,19,942,151,521,74,13,105
2009,4,20,820,324,418,102,6,117
2009,4,21,836,400,409,99,9,108
2009,4,22,847,350,424,103,5,131
2009,4,23,879,418,418,100,9,139
2009,4,24,941,380,524,138,10,164
2009,4,25,892,181,528,151,14,189
2009,4,26,1027,142,586,145,26,196
2009,4,27,888,330,438,129,7,170
2009,4,28,817,396,372,116,14,130
2009,4,29,806,425,399,114,12,128
2009,4,30,835,439,395,109,11,126
2009,5,1,967,204,543,123,14,157
2009,5,2,878,141,537,104,20,143
2009,5,3,924,121,571,104,13,127
2009,5,4,816,298,418,94,10,107
2009,5,5,801,360,349,90,5,124
2009,5,6,741,357,319,94,7,111
2009,5,7,802,389,354,102,4,124
2009,5,8,598,242,289,64,8,78
2009,5,9,1378,232,803,160,14,213
2009,5,10,1024,161,617,108,16,156
2009,5,11,875,328,435,107,11,122
2009,5,12,871,395,421,129,15,168
2009,5,13,869,388,397,96,3,122
2009,5,14,848,408,399,118,3,151
2009,5,15,973,368,518,105,5,118
2009,5,16,910,243,496,135,10,201
2009,5,17,1016,163,590,100,8,146
2009,5,18,889,355,477,107,17,131
2009,5,19,839,408,436,103,8,120
2009,5,20,926,349,426,131,3,162
2009,5,21,969,486,480,114,14,127
2009,5,22,892,380,459,132,7,167
2009,5,23,970,190,554,125,6,178
2009,5,24,1034,176,636,95,6,151
2009,5,25,823,340,445,145,16,177
2009,5,26,823,366,410,138,11,165
2009,5,27,769,408,388,108,1,135
2009,5,28,777,406,337,105,4,135
2009,5,29,709,402,364,128,10,178
2009,5,30,902,140,492,109,12,139
2009,5,31,926,163,507,93,14,127
2009,6,1,823,295,422,125,7,145
2009,6,2,952,411,455,105,9,126
2009,6,3,907,360,389,117,5,152
2009,6,4,801,341,409,89,7,112
2009,6,5,987,347,560,128,11,163
2009,6,6,1139,220,671,100,11,121
2009,6,7,1372,220,841,111,16,185
2009,6,8,923,297,549,103,10,142
2009,6,9,888,393,419,116,8,146
2009,6,10,899,430,476,169,11,207
2009,6,11,992,196,579,119,21,158
2009,6,12,961,316,542,105,6,131
2009,6,13,888,162,504,110,15,152
2009,6,14,986,154,582,109,12,153
2009,6,15,912,283,495,112,7,145
2009,6,16,925,362,428,128,15,154
2009,6,17,853,385,383,109,11,129
2009,6,18,910,493,432,115,4,143
2009,6,19,943,361,492,134,10,165
2009,6,20,937,216,532,137,15,207
2009,6,21,1148,182,650,126,17,172
2009,6,22,805,300,436,136,13,182
2009,6,23,818,408,390,106,7,124
2009,6,24,802,361,381,122,9,148
2009,6,25,900,410,458,120,11,157
2009,6,26,896,331,465,84,12,97
2009,6,27,994,186,593,98,9,138
2009,6,28,1116,166,639,103,13,141
2009,6,29,846,331,452,111,3,147
2009,6,30,762,325,395,127,10,163
2009,7,1,865,297,460,112,6,126
2009,7,2,972,335,518,125,8,157
2009,7,3,957,315,553,136,7,184
2009,7,4,1025,223,651,146,16,220
2009,7,5,1252,157,759,152,15,237
2009,7,6,958,281,550,113,15,138
2009,7,7,940,360,489,114,8,135
2009,7,8,915,406,413,113,15,167
2009,7,9,893,389,436,112,11,134
2009,7,10,1030,387,561,139,17,189
2009,7,11,1017,198,638,103,11,163
2009,7,12,1194,176,736,123,19,187
2009,7,13,1069,294,632,123,15,150
2009,7,14,1012,354,535,101,11,131
2009,7,15,963,367,530,115,11,141
2009,7,16,936,377,522,112,12,141
2009,7,17,936,329,541,119,11,151
2009,7,18,1014,188,601,158,12,237
2009,7,19,1025,202,620,181,27,315
2009,7,20,929,291,528,126,13,149
2009,7,21,909,328,478,115,9,165
2009,7,22,885,349,488,124,6,162
2009,7,23,929,322,534,116,19,127
2009,7,24,772,282,405,146,15,214
2009,7,25,920,172,542,159,20,210
2009,7,26,1010,142,569,114,13,179
2009,7,27,885,290,481,121,13,143
2009,7,28,856,417,406,130,10,168
2009,7,29,810,447,421,93,8,113
2009,7,30,888,393,453,92,9,120
2009,8,1,900,175,563,143,16,199
2009,8,2,1134,159,710,133,14,199
2009,8,3,850,265,457,137,15,210
2009,8,4,818,294,412,86,6,104
2009,8,5,867,326,462,103,7,159
2009,8,6,1127,360,689,128,14,168
2009,8,7,981,332,582,146,6,201
2009,8,8,1042,203,642,127,21,147
2009,8,9,1081,156,716,124,19,176
2009,8,10,870,282,478,122,19,150
2009,8,11,915,313,449,124,11,180
2009,8,12,864,353,463,113,10,150
2009,8,13,894,476,320,90,12,108
2009,8,14,873,327,474,139,12,183
2009,8,15,989,178,613,128,8,168
2009,8,16,1085,143,690,122,14,206
2009,8,17,901,284,497,124,11,162
2009,8,18,883,313,441,107,11,134
2009,8,19,802,360,426,121,7,135
2009,8,20,820,383,442,118,15,136
2009,8,21,948,320,559,140,19,168
2009,8,22,1020,214,613,110,16,142
2009,8,23,1059,185,624,105,7,152
2009,8,24,864,311,524,133,19,156
2009,8,25,831,369,442,125,9,149
2009,8,26,843,413,428,120,8,156
2009,8,27,942,351,493,114,5,146
2009,8,28,945,416,541,128,13,159
2009,8,29,246,34,163,24,4,23
2009,8,30,1818,220,1143,250,30,365
2009,8,31,957,289,522,147,10,176
2009,8,31,861,307,452,114,10,142
2009,9,1,783,310,395,128,6,144
2009,9,2,842,382,432,102,12,126
2009,9,3,889,350,435,98,11,111
2009,9,4,840,374,446,132,10,171
2009,9,5,909,210,560,135,7,173
2009,9,6,990,145,639,101,9,162
2009,9,7,917,286,489,108,14,142
2009,9,8,870,365,447,111,7,127
2009,9,9,882,367,468,106,4,121
2009,9,10,970,466,539,134,10,172
2009,9,11,973,394,578,137,8,172
2009,9,12,1047,207,612,130,21,172
2009,9,13,1038,153,655,130,18,166
2009,9,14,929,336,525,129,16,154
2009,9,15,833,415,442,122,11,130
2009,9,16,898,377,442,105,10,111
2009,9,17,880,428,438,119,9,139
2009,9,18,844,387,428,134,15,149
2009,9,19,789,197,459,105,11,130
2009,9,20,1127,195,662,152,19,217
2009,9,21,804,356,462,128,9,157
2009,9,22,885,381,412,107,13,115
2009,9,23,887,418,447,102,12,154
2009,9,24,897,562,426,95,4,115
2009,9,25,867,401,492,112,10,156
2009,9,26,1009,193,513,151,18,192
2009,9,27,1051,184,636,119,20,167
2009,9,28,837,361,418,125,8,145
2009,9,29,781,350,349,126,6,189
2009,9,30,690,382,305,117,7,138
2009,10,1,752,358,363,143,10,170
2009,10,2,871,334,425,149,14,156
2009,10,3,233,45,106,30,0,43
2009,10,5,2070,426,1238,274,27,355
2009,10,6,832,382,407,143,13,180
2009,10,7,889,419,463,133,16,153
2009,10,8,932,398,461,122,19,140
2009,10,9,943,358,483,123,19,135
2009,10,10,259,38,132,27,2,41
2009,10,11,1231,155,763,166,26,239
2009,10,12,1279,379,637,234,30,317
2009,10,13,665,363,329,129,10,171
2009,10,14,630,328,269,130,6,167
2009,10,15,678,359,311,121,1,143
2009,10,16,719,375,322,133,6,158
2009,10,17,764,219,446,123,24,131
2009,10,18,892,179,502,86,11,119
2009,10,19,749,339,376,103,12,115
2009,10,20,792,377,358,114,6,150
2009,10,21,741,411,341,89,8,102
2009,10,22,847,474,387,111,10,131
2009,10,23,888,425,468,104,7,118
2009,10,24,1022,193,630,138,19,186
2009,10,25,987,137,568,100,4,127
2009,10,26,766,378,349,94,15,116
2009,10,27,774,386,333,137,9,162
2009,10,28,833,435,365,146,18,163
2009,10,29,768,462,352,120,14,136
2009,10,30,795,540,365,102,15,113
2009,10,31,910,245,465,118,12,172
2009,11,1,743,224,387,68,6,89
2009,11,2,612,336,299,98,3,120
2009,11,3,623,359,259,86,8,100
2009,11,4,676,334,304,109,11,129
2009,11,5,701,384,295,123,9,154
2009,11,6,761,337,368,118,12,141
2009,11,7,853,186,438,113,10,145
2009,11,8,998,167,528,96,10,131
2009,11,9,693,335,324,135,16,157
2009,11,10,828,375,393,128,7,154
2009,11,11,797,192,405,109,16,137
2009,11,12,804,357,379,140,11,174
2009,11,13,850,415,385,113,17,118
2009,11,14,931,200,461,110,16,148
2009,11,15,890,198,470,89,7,134
2009,11,16,685,361,324,94,11,106
2009,11,17,715,407,293,117,10,141
2009,11,18,812,338,324,118,13,120
2009,11,19,770,481,333,88,10,100
2009,11,20,835,376,414,113,13,118
2009,11,21,970,200,457,120,12,150
2009,11,22,934,181,489,82,7,109
2009,11,23,720,347,366,122,12,139
2009,11,24,653,462,305,146,19,165
2009,11,25,818,426,329,126,14,146
2009,11,26,800,453,324,104,16,105
2009,11,27,816,481,333,116,17,129
2009,11,28,943,192,493,108,13,139
2009,11,29,1088,175,605,91,13,132
2009,11,30,759,322,406,122,16,138
2009,12,1,812,355,347,109,15,155
2009,12,2,743,383,317,142,10,187
2009,12,3,715,391,316,122,10,139
2009,12,4,805,348,356,106,10,126
2009,12,5,867,189,412,104,21,113
2009,12,6,760,168,393,92,15,113
2009,12,7,683,351,286,156,11,183
2009,12,8,940,417,455,131,12,142
2009,12,9,711,358,315,113,12,139
2009,12,10,825,430,362,113,18,121
2009,12,11,878,377,419,100,18,104
2009,12,12,794,216,412,109,16,124
2009,12,13,776,175,388,75,13,83
2009,12,14,660,328,273,107,8,141
2009,12,15,637,382,230,100,7,129
2009,12,16,641,401,242,73,4,81
2009,12,17,541,355,186,109,9,126
2009,12,18,477,303,172,86,6,100
2009,12,19,524,204,232,64,7,82
2009,12,20,474,165,211,50,4,65
2009,12,21,435,329,164,106,7,128
2009,12,22,603,365,229,126,15,154
2009,12,23,589,375,255,151,11,184
2009,12,24,498,278,237,69,13,81
2009,12,25,397,89,182,49,5,62
2009,12,26,510,99,249,62,9,86
2009,12,27,537,171,283,71,9,109
2009,12,28,633,569,235,117,11,151
2009,12,29,622,455,233,81,8,107
2009,12,30,617,408,221,79,8,104
2009,12,31,482,195,189,82,6,107
2010,1,1,804,140,411,56,5,82
2010,1,2,439,123,173,45,7,64
2010,1,3,441,121,184,39,0,69
2010,1,4,428,324,163,45,3,49
2010,1,5,500,369,151,66,6,79
2010,1,6,469,400,131,66,5,85
2010,1,7,573,415,192,67,4,85
2010,1,9,569,325,225,77,5,101
2010,1,10,518,167,196,49,1,78
2010,1,10,519,139,189,69,4,116
2010,1,11,535,313,200,52,5,60
2010,1,12,551,372,170,66,7,91
2010,1,13,603,397,190,52,3,56
2010,1,14,569,405,188,55,2,64
2010,1,15,610,416,187,55,5,67
2010,1,16,551,198,213,55,3,65
2010,1,17,556,158,209,44,5,55
2010,1,18,488,344,162,71,7,87
2010,1,19,538,425,161,88,10,109
2010,1,20,587,468,183,64,1,72
2010,1,21,530,451,166,55,2,65
2010,1,22,529,376,173,44,9,54
2010,1,23,479,181,217,45,2,51
2010,1,24,456,124,201,33,0,49
2010,1,25,429,352,142,55,8,62
2010,1,26,478,359,148,56,9,69
2010,1,27,556,406,147,64,6,83
2010,1,28,486,408,127,84,8,106
2010,1,29,527,422,150,70,2,120
2010,1,30,400,163,217,60,6,70
2010,1,31,557,166,236,43,3,62
2010,2,1,561,340,175,69,8,92
2010,2,2,664,390,190,55,9,70
2010,2,3,601,376,167,80,3,107
2010,2,4,738,383,240,74,2,95
2010,2,5,857,493,363,73,3,93
2010,2,6,689,237,313,58,4,81
2010,2,7,584,170,271,20,2,25
2010,2,8,573,360,203,57,5,60
2010,2,9,699,414,204,52,3,66
2010,2,10,706,457,221,45,4,51
2010,2,11,701,409,212,95,10,113
2010,2,12,669,359,225,78,2,111
2010,2,13,725,177,254,68,8,98
2010,2,14,698,144,314,47,2,76
2010,2,15,610,377,226,53,4,71
2010,2,16,721,405,242,56,5,82
2010,2,17,758,377,237,47,6,54
2010,2,18,718,439,225,61,3,69
2010,2,19,741,370,245,81,4,107
2010,2,20,713,205,289,49,5,66
2010,2,21,780,163,317,47,3,65
2010,2,22,603,408,203,60,10,79
2010,2,23,722,466,239,68,5,81
2010,2,24,813,496,298,62,3,92
2010,2,25,324,432,837,82,8,98
2010,2,26,936,373,380,100,10,136
2010,2,27,846,179,364,69,5,95
2010,2,28,869,162,436,73,7,93
2010,3,1,744,329,309,54,6,62
2010,3,2,863,374,341,53,4,69
2010,3,3,856,307,399,79,10,89
2010,3,4,961,428,412,88,7,106
2010,3,5,837,366,358,109,3,173
2010,3,6,798,180,391,94,6,128
2010,3,7,823,155,375,42,2,58
2010,3,8,835,326,380,64,3,78
2010,3,9,877,408,380,51,5,57
2010,3,10,856,415,343,69,6,81
2010,3,11,1010,453,411,57,5,69
2010,3,12,909,367,382,83,8,92
2010,3,13,958,193,505,91,5,126
2010,3,14,820,165,405,61,4,97
2010,3,15,756,338,311,107,13,135
2010,3,16,849,392,351,74,3,99
2010,3,17,946,429,374,73,6,83
2010,3,18,979,420,415,71,9,81
2010,3,19,1175,380,572,75,6,95
2010,3,20,1115,233,554,77,10,84
2010,3,21,967,182,469,75,10,93
2010,3,22,975,394,448,82,8,95
2010,3,23,966,382,428,64,3,67
2010,3,24,980,469,415,62,7,70
2010,3,25,1011,485,442,91,9,103
2010,3,26,1092,339,505,112,7,142
2010,3,27,1114,201,523,79,11,102
2010,3,28,959,150,467,77,7,90
2010,3,29,898,360,403,83,11,99
2010,3,30,921,415,387,79,10,91
2010,3,31,923,389,405,84,9,101
2010,4,1,941,389,410,112,8,126
2010,4,2,1033,534,525,103,6,138
2010,4,3,864,215,485,79,9,98
2010,4,4,613,89,328,48,4,67
2010,4,5,795,151,457,62,8,91
2010,4,6,986,387,504,60,5,88
2010,4,7,942,398,410,82,11,107
2010,4,8,917,393,389,74,5,81
2010,4,9,1005,333,493,92,9,106
2010,4,10,1088,197,564,70,5,94
2010,4,11,827,146,415,59,6,92
2010,4,12,872,327,426,72,9,78
2010,4,13,897,411,423,72,8,89
2010,4,14,888,329,382,79,6,94
2010,4,15,908,409,440,77,3,84
2010,4,16,870,369,408,74,4,86
2010,4,17,933,193,491,76,5,94
2010,4,18,1030,178,602,84,10,122
2010,4,19,857,313,455,92,10,114
2010,4,20,895,418,401,86,5,102
2010,4,21,807,406,365,91,11,99
2010,4,22,864,398,402,75,4,90
2010,4,23,925,375,517,84,6,95
2010,4,24,1027,161,574,99,12,125
2010,4,25,949,139,543,134,8,168
2010,4,26,904,309,461,104,6,141
2010,4,27,843,391,382,106,4,129
2010,4,28,832,415,346,96,6,104
2010,4,29,898,483,440,87,5,96
2010,4,30,923,382,468,158,10,183
2010,5,1,1114,173,702,105,11,135
2010,5,2,1093,152,636,102,6,141
2010,5,3,904,143,529,88,10,128
2010,5,4,807,248,417,82,4,116
2010,5,5,774,313,330,79,8,98
2010,5,6,784,360,317,101,7,145
2010,5,7,831,332,385,94,10,100
2010,5,8,1114,182,722,91,9,117
2010,5,9,1073,168,620,88,8,134
2010,5,10,900,307,454,110,23,117
2010,5,11,883,343,424,111,8,141
2010,5,12,925,392,461,91,6,120
2010,5,13,891,362,421,106,6,132
2010,5,14,843,314,434,88,1,122
2010,5,15,879,178,502,101,7,127
2010,5,16,844,143,471,95,20,136
2010,5,17,653,320,331,97,6,123
2010,5,18,626,342,280,102,5,135
2010,5,19,763,356,322,83,9,108
2010,5,20,916,369,421,66,3,84
2010,5,21,861,327,464,117,5,139
2010,5,22,999,208,515,113,9,146
2010,5,23,1098,171,621,122,8,168
2010,5,24,881,274,455,98,9,125
2010,5,25,785,375,356,105,8,124
2010,5,26,828,395,377,101,6,115
2010,5,27,820,401,400,99,1,119
2010,5,28,819,357,405,119,8,138
2010,5,29,906,164,490,124,6,159
2010,5,30,969,160,565,124,10,187
2010,5,31,778,284,338,108,7,141
2010,6,1,768,330,369,74,3,85
2010,6,2,805,380,390,118,8,148
2010,6,3,853,197,476,79,3,97
2010,6,4,927,271,536,103,9,129
2010,6,5,943,161,572,121,10,142
2010,6,6,992,127,547,106,13,155
2010,6,7,921,308,474,112,13,120
2010,6,9,1122,389,656,117,3,145
2010,6,10,1051,371,479,110,6,124
2010,6,10,836,412,395,95,11,115
2010,6,11,952,281,518,160,7,191
2010,6,12,1029,157,630,125,11,151
2010,6,13,1040,136,636,143,12,213
2010,6,14,841,317,431,148,13,181
2010,6,15,854,349,385,110,11,136
2010,6,16,867,378,387,125,16,132
2010,6,17,765,425,311,130,9,166
2010,6,18,906,353,435,119,6,149
2010,6,19,967,242,550,113,9,157
2010,6,20,1370,223,810,111,21,159
2010,6,21,918,327,438,102,6,119
2010,6,22,824,357,387,89,5,109
2010,6,23,807,380,357,119,6,141
2010,6,24,842,413,412,134,9,164
2010,6,25,960,374,501,149,6,180
2010,6,26,1063,182,621,123,12,176
2010,6,27,1078,164,611,119,18,158
2010,6,28,942,313,499,148,13,181
2010,6,29,814,300,395,138,9,169
2010,6,30,878,319,431,132,20,155
2010,7,1,785,287,393,127,14,155
2010,7,2,889,272,487,137,5,174
2010,7,3,1099,195,663,133,7,190
2010,7,4,1416,224,942,118,14,165
2010,7,5,910,271,511,135,19,190
2010,7,6,814,341,364,115,9,141
2010,7,7,821,390,358,115,9,144
2010,7,8,902,362,456,103,4,128
2010,7,9,930,306,510,121,9,162
2010,7,10,1229,202,655,125,5,146
2010,7,11,1161,164,728,133,19,198
2010,7,12,952,282,584,127,16,179
2010,7,13,889,342,460,96,7,116
2010,7,14,904,364,461,123,7,159
2010,7,15,926,367,331,123,17,145
2010,7,16,933,334,341,127,9,178
2010,7,17,1060,196,390,117,12,158
2010,7,18,983,174,465,119,11,169
2010,7,19,827,296,323,102,12,163
2010,7,20,792,369,400,108,8,114
2010,7,21,892,377,443,94,4,126
2010,7,22,860,302,416,99,11,138
2010,7,24,849,296,452,130,14,165
2010,7,25,872,150,494,100,10,168
2010,7,25,901,172,540,125,15,170
2010,7,26,783,281,408,134,11,176
2010,7,27,757,320,356,89,8,120
2010,7,28,715,350,350,98,11,143
2010,7,29,755,365,354,104,8,136
2010,7,30,790,317,391,117,12,143
2010,7,31,959,169,509,115,9,133
2010,8,1,1028,163,609,111,12,152
2010,8,2,864,245,499,131,12,171
2010,8,3,830,310,415,123,14,152
2010,8,4,874,341,443,86,9,98
2010,8,5,901,372,422,83,8,109
2010,8,6,891,307,464,127,13,164
2010,8,7,1008,186,554,152,19,202
2010,8,8,1131,182,679,110,12,175
2010,8,9,1016,278,508,133,18,170
2010,8,10,967,357,500,113,11,142
2010,8,11,903,371,504,103,11,130
2010,8,12,971,372,519,122,17,142
2010,8,13,933,391,519,110,7,140
2010,8,14,1218,175,802,142,18,177
2010,8,15,1184,190,760,129,12,204
2010,8,16,962,294,553,160,21,216
2010,8,17,833,320,402,109,5,135
2010,8,18,840,355,396,108,10,126
2010,8,19,869,354,422,87,7,103
2010,8,20,899,316,490,150,14,184
2010,8,21,971,182,603,127,13,166
2010,8,22,1065,156,674,120,11,157
2010,8,23,976,333,526,123,22,140
2010,8,24,835,355,428,123,14,165
2010,8,25,841,376,393,107,11,123
2010,8,26,854,378,401,110,8,141
2010,8,27,869,361,394,178,11,246
2010,8,28,921,171,509,116,14,159
2010,8,29,1056,160,599,103,16,144
2010,8,30,784,306,385,116,7,165
2010,8,31,623,330,245,100,17,125
2010,9,1,683,413,297,108,13,120
2010,9,2,751,419,339,110,17,129
2010,9,3,775,389,353,135,14,162
2010,9,4,866,161,483,128,18,172
2010,9,5,969,156,564,123,9,172
2010,9,6,759,316,408,116,20,142
2010,9,7,710,374,341,93,19,104
2010,9,8,909,425,388,83,3,99
2010,9,9,848,329,369,123,15,143
2010,9,10,1018,358,532,116,12,138
2010,9,11,1097,201,610,147,15,198
2010,9,12,1097,182,657,120,11,190
2010,9,13,959,352,493,125,7,154
2010,9,14,824,393,380,105,16,125
2010,9,15,897,387,458,152,19,170
2010,9,16,829,327,370,102,10,114
2010,9,17,851,331,438,121,11,148
2010,9,18,921,176,513,125,18,166
2010,9,19,900,209,528,88,9,123
2010,9,20,871,318,430,108,10,136
2010,9,21,839,417,377,116,14,144
2010,9,22,802,358,382,132,15,147
2010,9,23,903,459,418,116,13,148
2010,9,24,868,366,451,121,10,151
2010,9,25,1000,205,560,107,19,117
2010,9,26,1067,188,555,141,21,197
2010,9,27,772,378,393,136,20,183
2010,9,28,694,403,294,118,12,142
2010,9,29,704,493,313,134,16,149
2010,9,30,677,325,290,116,9,139
2010,10,1,724,299,340,82,12,100
2010,10,2,863,148,460,97,14,106
2010,10,3,996,153,524,99,14,157
2010,10,4,800,292,387,130,8,143
2010,10,5,789,337,323,108,13,120
2010,10,6,822,370,348,97,7,108
2010,10,7,858,379,370,97,7,108
2010,10,8,891,364,459,119,12,148
2010,10,9,1110,211,638,119,8,143
2010,10,10,1060,183,624,112,13,151
2010,10,11,929,332,490,126,12,152
2010,10,12,590,264,269,83,27,91
2010,10,13,537,260,238,68,9,78
2010,10,14,1289,477,542,149,19,178
2010,10,15,808,347,400,129,11,142
2010,10,16,1020,996,567,94,12,134
2010,10,17,956,168,532,92,14,129
2010,10,18,837,353,430,99,17,107
2010,10,19,840,399,335,82,5,97
2010,10,20,868,480,351,89,12,97
2010,10,21,809,382,312,112,16,138
2010,10,22,868,404,396,114,8,152
2010,10,23,1027,220,532,93,13,114
2010,10,24,1061,198,528,109,13,140
2010,10,25,776,375,388,98,11,116
2010,10,26,873,373,355,102,8,100
2010,10,27,776,417,318,111,13,126
2010,10,28,794,444,338,85,8,96
2010,10,29,880,591,411,125,11,153
2010,10,30,994,245,519,109,13,138
2010,10,31,1033,251,565,110,11,149
2010,11,1,737,205,385,63,4,92
2010,11,2,867,379,371,88,8,95
2010,11,3,780,314,301,104,16,112
2010,11,4,850,372,315,137,18,148
2010,11,5,906,387,426,128,6,148
2010,11,6,935,178,467,125,18,139
2010,11,7,1008,188,488,99,10,137
2010,11,8,734,301,329,112,10,138
2010,11,9,736,354,286,121,17,128
2010,11,10,807,423,353,113,16,119
2010,11,11,974,219,483,75,10,95
2010,11,12,968,328,469,138,27,161
2010,11,13,983,177,508,117,18,137
2010,11,14,1084,211,574,128,19,140
2010,11,15,910,365,467,102,16,109
2010,11,16,758,446,298,102,12,113
2010,11,17,739,412,309,102,7,122
2010,11,18,713,394,282,137,10,158
2010,11,19,900,368,393,150,22,146
2010,11,20,1045,211,531,108,16,109
2010,11,21,1250,282,666,85,13,101
2010,11,22,757,323,348,145,11,159
2010,11,23,670,368,250,133,12,147
2010,11,24,655,430,259,117,9,131
2010,11,25,658,406,274,129,8,160
2010,11,26,770,435,287,109,7,133
2010,11,27,774,189,371,121,10,169
2010,11,28,1063,178,605,91,11,152
2010,11,29,497,339,216,99,6,128
2010,11,30,420,357,141,68,7,80
2010,12,1,477,329,155,61,8,70
2010,12,2,390,278,104,64,4,67
2010,12,3,501,325,136,65,4,86
2010,12,4,576,212,221,56,2,77
2010,12,5,651,209,243,34,3,42
2010,12,6,604,349,258,53,4,74
2010,12,7,611,396,171,69,7,83
2010,12,8,640,422,199,83,8,107
2010,12,9,656,436,201,72,3,87
2010,12,10,637,398,206,95,15,110
2010,12,11,643,199,246,71,5,97
2010,12,12,635,179,236,55,7,66
2010,12,13,602,369,210,64,5,79
2010,12,14,469,420,130,65,3,79
2010,12,15,511,435,132,52,3,66
2010,12,16,511,436,132,67,6,71
2010,12,17,542,469,156,79,4,93
2010,12,18,697,217,306,43,4,55
2010,12,19,699,202,295,36,2,52
2010,12,20,553,350,188,69,5,79
2010,12,21,594,343,175,76,5,88
2010,12,22,659,416,199,68,6,81
2010,12,23,669,656,250,69,3,92
2010,12,24,577,17,217,59,5,73
2010,12,25,335,102,145,33,3,47
2010,12,26,450,99,227,33,2,56
2010,12,27,552,366,265,42,3,51
2010,12,28,522,429,131,38,3,47
2010,12,29,467,403,130,31,1,35
2010,12,30,497,343,139,54,5,73
2010,12,31,434,193,163,45,5,53
2011,1,1,824,126,376,37,5,46
2011,1,2,354,125,142,24,3,29
2011,1,3,560,348,218,41,2,48
2011,1,4,461,420,127,54,11,69
2011,1,5,545,433,168,57,4,72
2011,1,6,487,205,196,28,2,35
2011,1,7,540,326,153,57,4,72
2011,1,8,668,191,246,36,2,41
2011,1,9,736,212,321,46,6,61
2011,1,10,651,389,217,71,6,76
2011,1,11,685,444,237,58,1,72
2011,1,12,689,458,212,57,9,59
2011,1,13,822,433,327,59,5,76
2011,1,14,704,390,268,60,2,67
2011,1,15,665,187,298,72,7,96
2011,1,16,827,188,388,62,16,75
2011,1,17,713,378,249,111,9,152
2011,1,18,784,452,268,81,10,111
2011,1,19,791,469,261,78,8,93
2011,1,20,788,410,268,80,9,96
2011,1,21,751,394,283,87,8,113
2011,1,22,795,191,350,53,6,67
2011,1,23,719,166,310,73,4,107
2011,1,24,687,409,260,66,6,104
2011,1,25,743,423,194,77,11,97
2011,1,26,790,485,252,63,4,79
2011,1,27,780,456,238,64,8,75
2011,1,28,909,505,411,61,6,81
2011,1,29,788,205,350,57,5,75
2011,1,30,721,162,337,57,6,78
2011,1,31,640,401,240,51,8,64
2011,2,1,710,360,239,67,7,100
2011,2,2,776,468,240,94,16,117
2011,2,3,848,466,278,91,8,113
2011,2,4,815,426,277,103,9,124
2011,2,5,790,208,375,75,9,91
2011,2,6,867,198,404,65,7,87
2011,2,7,861,345,344,77,7,97
2011,2,8,913,437,302,77,6,95
2011,2,9,971,458,370,69,10,78
2011,2,10,957,423,354,80,16,93
2011,2,11,923,437,375,103,1,124
2011,2,12,855,240,408,74,10,99
2011,2,13,838,188,392,49,10,84
2011,2,14,714,341,285,68,10,72
2011,2,15,807,411,273,61,11,68
2011,2,16,762,489,260,62,4,88
2011,2,17,768,481,257,49,7,52
2011,2,18,839,427,303,90,6,120
2011,2,19,850,185,362,86,13,98
2011,2,20,705,148,331,57,6,82
2011,2,21,664,389,271,57,5,71
2011,2,22,622,478,203,52,5,57
2011,2,23,700,438,230,62,8,77
2011,2,24,696,480,200,57,3,69
2011,2,25,683,428,248,61,8,80
2011,2,26,783,208,345,67,6,89
2011,2,27,834,183,386,65,10,96
2011,2,28,735,337,273,73,3,82
2011,3,1,898,353,341,68,6,79
2011,3,2,910,448,317,66,8,73
2011,3,3,951,492,363,71,4,79
2011,3,4,942,397,385,82,8,96
2011,3,5,960,198,421,83,6,106
2011,3,6,927,183,452,67,12,99
2011,3,7,889,430,396,78,4,82
2011,3,8,952,390,415,63,9,68
2011,3,9,1101,563,457,61,8,65
2011,3,10,905,449,317,83,3,96
2011,3,11,936,431,376,87,5,111
2011,3,12,1035,222,463,97,15,115
2011,3,13,1017,194,499,78,16,99
2011,3,14,1084,409,532,69,6,87
2011,3,15,954,411,393,74,7,83
2011,3,16,942,442,382,66,4,82
2011,3,17,865,464,324,81,6,98
2011,3,18,846,442,352,93,6,118
2011,3,19,1113,171,585,68,4,84
2011,3,20,1085,178,575,66,9,88
2011,3,21,929,381,382,72,9,80
2011,3,22,936,418,391,59,5,67
2011,3,23,956,445,376,54,1,61
2011,3,24,919,427,358,69,5,79
2011,3,25,995,423,396,67,8,73
2011,3,26,978,216,474,84,16,100
2011,3,27,871,173,448,54,1,67
2011,3,28,847,337,385,55,6,72
2011,3,29,858,433,356,70,8,78
2011,3,30,1020,491,429,87,6,103
2011,3,31,1043,478,441,78,7,84
2011,4,1,898,352,421,111,8,124
2011,4,2,1055,175,547,78,3,123
2011,4,3,1063,163,577,85,9,132
2011,4,4,917,304,457,93,8,115
2011,4,5,890,404,353,78,8,93
2011,4,6,961,390,371,70,6,73
2011,4,7,844,399,350,83,10,101
2011,4,8,849,383,330,87,12,98
2011,4,9,1004,191,497,75,5,96
2011,4,10,964,189,503,70,14,106
2011,4,11,929,329,465,83,9,104
2011,4,12,858,409,370,75,6,88
2011,4,13,846,367,340,88,9,96
2011,4,14,915,392,417,92,5,109
2011,4,15,948,357,422,105,8,120
2011,4,16,1098,187,563,109,11,133
2011,4,17,1035,160,578,91,12,109
2011,4,18,1017,324,519,108,8,131
2011,4,19,1470,393,371,91,7,108
2011,4,20,920,378,431,133,11,152
2011,4,21,1032,423,488,127,12,152
2011,4,22,1048,498,491,133,11,149
2011,4,23,1019,221,573,102,10,126
2011,4,24,732,116,398,64,10,86
2011,4,25,736,140,414,80,4,107
2011,4,26,959,453,549,87,12,110
2011,4,27,834,453,344,75,4,102
2011,4,28,882,414,391,77,7,84
2011,4,29,926,342,427,101,7,111
2011,4,30,970,156,468,118,13,146
2011,5,1,1001,161,585,60,8,96
2011,5,2,827,222,439,81,9,102
2011,5,3,701,149,349,60,4,92
2011,5,4,747,288,354,80,11,94
2011,5,5,762,343,334,79,11,98
2011,5,6,831,304,387,90,9,109
2011,5,7,944,179,524,122,9,146
2011,5,8,953,151,554,105,12,160
2011,5,9,975,347,514,118,13,144
2011,5,10,908,351,422,104,9,124
2011,5,11,1010,349,459,130,6,148
2011,5,12,1003,442,475,127,13,146
2011,5,13,992,385,487,96,9,104
2011,5,14,1026,182,557,119,8,147
2011,5,15,901,149,504,83,9,130
2011,5,16,1006,390,573,111,9,176
2011,5,17,864,437,398,89,7,113
2011,5,18,853,423,433,99,9,116
2011,5,19,945,495,433,102,12,111
2011,5,20,985,358,498,114,6,124
2011,5,21,1044,203,588,115,18,138
2011,5,22,1152,185,662,129,17,171
2011,5,23,932,363,499,117,7,133
2011,5,24,898,512,409,125,8,148
2011,5,25,923,402,426,99,14,106
2011,5,26,873,472,392,129,6,169
2011,5,27,1056,416,534,114,5,139
2011,5,28,1092,204,553,117,15,148
2011,5,29,1085,210,582,117,12,173
2011,5,30,891,327,481,118,8,145
2011,5,31,862,453,410,111,9,123
2011,6,1,935,349,449,119,13,142
2011,6,2,1093,421,517,92,12,109
2011,6,3,956,363,465,112,7,133
2011,6,4,1151,197,670,156,12,211
2011,6,5,1264,177,766,144,14,196
2011,6,6,1378,340,826,149,23,173
2011,6,7,1010,398,483,117,8,137
2011,6,8,1069,460,489,122,14,132
2011,6,9,930,405,438,105,10,136
2011,6,10,958,416,487,88,5,113
2011,6,11,1206,204,695,121,14,136
2011,6,12,1187,206,720,113,11,144
2011,6,13,1194,357,694,118,14,134
2011,6,14,1046,412,490,118,13,145
2011,6,15,1008,408,503,110,18,152
2011,6,16,1004,516,521,110,5,118
2011,6,17,1073,368,601,124,7,132
2011,6,18,1077,227,641,118,11,146
2011,6,19,1176,191,634,120,16,146
2011,6,20,926,301,478,123,11,207
2011,6,21,849,446,407,112,11,133
2011,6,22,939,386,501,136,11,155
2011,6,23,992,190,582,93,13,111
2011,6,24,982,286,534,114,10,139
2011,6,25,976,158,587,86,15,118
2011,6,26,1054,157,619,96,22,127
2011,6,27,967,274,557,98,7,124
2011,6,28,963,334,393,113,5,146
2011,6,29,983,247,443,95,7,100
2011,6,30,876,247,420,110,12,132
2011,7,1,789,206,380,108,14,122
2011,7,2,894,163,518,121,11,174
2011,7,3,1104,144,613,100,5,159
2011,7,4,850,200,454,107,15,155
2011,7,5,945,222,452,85,12,96
2011,7,6,913,268,467,83,10,121
2011,7,7,984,218,507,81,3,95
2011,7,8,1044,215,539,115,8,150
2011,7,9,1261,135,751,102,11,128
2011,7,10,1353,136,857,103,10,129
2011,7,11,1015,180,563,127,17,180
2011,7,12,1035,246,503,99,7,115
2011,7,13,1023,233,523,114,7,142
2011,7,14,970,224,495,104,9,135
2011,7,15,920,244,512,122,11,154
2011,7,16,1026,130,564,105,11,132
2011,7,17,1261,125,771,100,18,122
2011,7,18,985,206,579,122,15,156
2011,7,19,972,207,433,77,3,95
2011,7,20,877,208,407,105,10,124
2011,7,21,816,202,379,112,7,149
2011,7,22,793,188,389,99,18,126
2011,7,23,910,152,502,109,12,153
2011,7,24,1065,123,601,78,3,114
2011,7,25,874,175,459,87,10,99
2011,7,26,725,189,386,97,7,125
2011,7,27,828,250,377,107,12,139
2011,7,28,769,204,354,89,6,100
2011,7,29,821,195,431,88,6,98
2011,7,30,936,116,518,120,16,154
2011,7,31,973,86,540,99,18,155
2011,8,1,819,196,410,103,15,136
2011,8,2,905,207,430,91,7,102
2011,8,3,967,196,433,107,12,128
2011,8,4,972,189,504,98,10,134
2011,8,5,947,194,491,116,16,133
2011,8,6,1068,138,621,129,15,163
2011,8,7,1190,113,694,101,11,131
2011,8,8,894,177,435,115,14,149
2011,8,9,809,180,400,110,13,144
2011,8,10,880,207,439,102,7,132
2011,8,11,726,145,368,65,5,81
2011,8,12,1186,247,688,139,9,182
2011,8,13,1145,139,664,131,17,168
2011,8,14,1428,128,950,101,16,136
2011,8,15,1119,90,670,91,11,118
2011,8,16,1019,200,577,119,8,158
2011,8,17,914,193,414,68,6,83
2011,8,18,889,205,452,110,20,138
2011,8,19,922,178,493,112,12,146
2011,8,20,1038,134,555,104,14,125
2011,8,21,1106,109,659,107,17,138
2011,8,22,1115,170,593,121,14,143
2011,8,23,945,203,478,122,11,133
2011,8,24,904,242,426,117,6,130
2011,8,25,987,194,457,108,11,133
2011,8,26,956,223,519,115,10,147
2011,8,27,1165,148,698,120,11,157
2011,8,28,1147,118,673,112,18,134
2011,8,29,951,211,513,126,13,170
2011,8,30,893,240,378,88,7,105
2011,8,31,877,215,357,110,6,135
2011,9,1,898,222,438,129,13,158
2011,9,2,933,178,495,118,7,128
2011,9,3,996,135,593,111,13,146
2011,9,4,1121,118,670,134,21,185
2011,9,5,977,185,514,103,11,131
2011,9,6,874,215,402,121,10,136
2011,9,7,896,219,466,103,10,138
2011,9,8,811,317,115,106,9,130
2011,9,9,876,190,427,106,9,159
2011,9,10,1013,118,564,91,7,100
2011,9,11,1179,106,684,172,12,148
2011,9,12,1136,215,637,123,10,157
2011,9,13,943,225,453,104,4,138
2011,9,14,916,227,434,117,10,147
2011,9,15,893,331,426,116,12,128
2011,9,16,1011,200,502,111,14,130
2011,9,17,910,106,489,125,13,153
2011,9,18,1061,116,576,122,14,169
2011,9,19,1046,202,476,125,23,160
2011,9,20,773,240,346,84,7,98
2011,9,21,909,234,396,104,7,114
2011,9,22,928,253,443,84,5,104
2011,9,23,836,223,424,97,10,119
2011,9,24,991,126,550,121,15,143
2011,9,25,1001,122,583,130,12,174
2011,9,26,926,217,487,114,17,126
2011,9,27,814,253,392,110,13,109
2011,9,28,885,207,391,101,8,120
2011,9,29,2824,291,404,102,6,113
2011,9,30,926,234,457,152,16,184
2011,10,1,966,115,527,149,16,191
2011,10,2,1050,116,558,125,22,141
2011,10,3,883,178,475,139,17,157
2011,10,4,903,212,404,122,15,143
2011,10,5,851,208,375,103,6,126
2011,10,6,846,272,361,78,10,97
2011,10,7,829,230,387,152,14,172
2011,10,8,990,124,566,138,6,193
2011,10,9,1290,149,742,113,17,159
2011,10,10,800,170,375,92,9,111
2011,10,11,711,187,312,140,14,163
2011,10,12,824,213,355,125,12,147
2011,10,13,891,260,394,99,7,98
2011,10,14,918,200,404,85,6,101
2011,10,15,973,114,492,93,14,120
2011,10,16,990,123,537,96,8,123
2011,10,17,860,197,455,96,15,119
2011,10,18,722,229,295,96,8,113
2011,10,19,855,214,385,135,10,143
2011,10,20,890,321,363,107,8,127
2011,10,21,877,235,416,90,15,110
2011,10,22,900,117,431,102,16,124
2011,10,23,963,133,493,77,14,105
2011,10,24,745,239,349,81,12,95
2011,10,25,819,264,378,104,11,102
2011,10,26,798,265,326,105,10,119
2011,10,27,889,238,368,89,10,106
2011,10,28,871,264,419,110,17,107
2011,10,29,1008,144,492,93,11,128
2011,10,30,1053,134,528,92,14,119
2011,10,31,803,230,327,92,5,125
2011,11,1,727,161,362,77,4,113
2011,11,2,707,233,306,78,9,94
2011,11,3,721,230,263,101,12,119
2011,11,4,779,235,325,97,7,141
2011,11,5,863,148,470,102,5,128
2011,11,6,871,148,470,102,5,128
2011,11,7,745,215,345,103,18,114
2011,11,8,775,244,313,79,7,98
2011,11,9,779,304,274,91,9,111
2011,11,10,938,218,496,110,6,133
2011,11,11,898,102,451,68,6,99
2011,11,12,1004,91,436,80,8,109
2011,11,13,792,100,405,67,13,86
2011,11,14,709,210,372,74,11,75
2011,11,15,701,250,297,77,11,82
2011,11,16,790,256,286,73,9,89
2011,11,17,732,273,280,76,6,80
2011,11,18,773,208,322,100,10,108
2011,11,19,839,123,383,66,3,86
2011,11,20,952,119,451,74,11,92
2011,11,21,761,225,340,89,11,105
2011,11,22,720,221,276,90,6,98
2011,11,23,777,317,326,71,4,84
2011,11,24,721,249,249,76,11,80
2011,11,25,763,238,302,110,12,138
2011,11,26,118,834,431,97,17,125
2011,11,27,1019,109,528,83,19,101
2011,11,28,813,241,355,95,11,115
2011,11,29,691,275,256,115,6,125
2011,11,30,740,233,306,100,6,110
2011,12,1,865,251,332,127,10,160
2011,12,2,750,223,302,95,12,105
2011,12,3,918,112,414,109,11,129
2011,12,4,865,134,414,107,10,136
2011,12,5,764,197,371,150,17,175
2011,12,6,629,214,220,115,9,133
2011,12,7,690,302,274,100,13,104
2011,12,8,670,231,226,135,20,139
2011,12,9,732,253,265,144,18,160
2011,12,10,884,115,405,146,18,154
2011,12,11,844,108,374,87,14,115
2011,12,12,885,207,494,96,9,123
2011,12,13,667,231,251,128,9,152
2011,12,14,714,288,275,129,11,157
2011,12,15,708,293,292,114,16,115
2011,12,16,783,238,339,157,18,173
2011,12,17,822,145,372,141,21,153
2011,12,18,816,112,335,77,12,88
2011,12,19,632,208,276,99,11,104
2011,12,20,692,240,239,93,12,100
2011,12,21,610,250,234,108,7,140
2011,12,22,581,256,213,96,11,107
2011,12,23,741,278,325,97,13,114
2011,12,24,522,115,239,76,9,97
2011,12,25,379,75,180,53,7,69
2011,12,26,515,74,252,75,15,128
2011,12,27,734,287,321,91,14,94
2011,12,28,639,308,239,95,5,115
2011,12,29,687,267,242,78,14,82
2011,12,30,695,204,251,94,12,100
2011,12,31,544,109,253,84,11,107
2012,1,1,898,101,451,72,8,98
2012,1,2,702,233,325,68,9,77
2012,1,3,652,280,243,92,6,105
2012,1,4,609,259,220,87,7,105
2012,1,5,627,275,237,102,10,135
2012,1,6,607,157,286,75,7,109
2012,1,7,595,111,254,60,8,70
2012,1,8,740,144,306,70,5,80
2012,1,9,681,212,278,90,10,103
2012,1,10,686,260,243,72,6,88
2012,1,11,774,322,301,97,12,112
2012,1,12,821,281,306,89,11,113
2012,1,13,817,254,312,101,8,119
2012,1,14,719,125,320,99,17,136
2012,1,15,671,110,283,39,3,55
2012,1,16,644,234,236,70,3,76
2012,1,17,676,267,201,67,8,79
2012,1,18,709,264,234,56,1,66
2012,1,19,686,293,228,73,5,92
2012,1,20,731,283,258,93,5,121
2012,1,21,773,135,358,78,14,92
2012,1,22,687,130,330,57,3,87
2012,1,23,721,220,286,81,9,117
2012,1,24,741,301,225,59,4,71
2012,1,25,716,340,247,54,2,68
2012,1,26,775,285,244,59,3,65
2012,1,27,810,271,363,56,7,52
2012,1,28,622,126,294,49,5,63
2012,1,29,592,89,252,21,2,26
2012,1,30,522,220,175,55,2,73
2012,1,31,527,254,156,63,9,81
2012,2,1,544,329,172,63,3,69
2012,2,2,546,247,178,60,4,77
2012,2,3,493,227,159,62,6,72
2012,2,4,494,112,220,40,1,49
2012,2,5,497,76,210,34,3,40
2012,2,6,492,226,169,54,5,68
2012,2,7,568,265,181,55,3,68
2012,2,8,720,275,223,40,0,58
2012,2,9,710,245,220,91,7,121
2012,2,10,735,239,262,81,8,101
2012,2,11,682,121,280,61,6,87
2012,2,12,657,101,289,63,7,75
2012,2,13,641,201,263,72,10,90
2012,2,14,710,260,215,68,6,77
2012,2,15,588,301,155,109,13,155
2012,2,16,653,257,192,70,11,106
2012,2,17,660,257,210,90,8,114
2012,2,18,729,123,293,51,4,64
2012,2,19,742,121,339,49,3,56
2012,2,20,762,250,296,76,7,95
2012,2,21,692,260,253,77,11,86
2012,2,22,895,306,341,50,7,55
2012,2,23,699,267,243,60,6,72
2012,2,24,762,255,285,76,6,86
2012,2,25,818,154,329,59,10,57
2012,2,26,820,136,382,59,2,91
2012,2,27,787,227,287,77,5,95
2012,2,28,740,289,259,95,7,113
2012,2,29,786,325,268,83,5,101
2012,3,1,845,277,318,69,5,78
2012,3,2,932,289,373,79,8,96
2012,3,3,892,136,393,81,8,97
2012,3,4,848,389,125,45,11,64
2012,3,5,769,183,353,53,2,67
2012,3,6,816,277,304,67,8,83
2012,3,7,897,287,324,54,7,66
2012,3,8,845,234,351,63,4,72
2012,3,9,969,250,443,55,7,60
2012,3,10,1291,143,716,91,9,135
2012,3,11,994,114,471,57,6,92
2012,3,12,894,243,415,74,5,101
2012,3,13,856,298,299,63,4,75
2012,3,14,899,279,342,57,3,72
2012,3,15,914,286,391,61,5,77
2012,3,16,954,255,406,76,4,91
2012,3,17,1001,140,479,86,15,115
2012,3,18,1111,130,543,84,16,97
2012,3,19,869,238,404,65,10,83
2012,3,20,846,308,352,69,7,95
2012,3,21,1101,364,438,66,6,81
2012,3,22,990,269,399,67,2,76
2012,3,23,1003,257,455,83,9,86
2012,3,24,1030,125,518,75,5,94
2012,3,25,883,131,466,72,10,114
2012,3,26,760,234,343,68,6,79
2012,3,27,794,275,316,77,5,93
2012,3,28,854,271,328,78,4,99
2012,3,29,834,261,290,73,18,84
2012,3,30,727,238,294,81,10,92
2012,3,31,818,143,389,82,9,108
2012,4,1,758,97,333,64,8,73
2012,4,2,755,205,311,58,5,83
2012,4,3,809,259,308,68,5,68
2012,4,4,858,244,312,85,11,88
2012,4,5,897,234,402,71,7,92
2012,4,6,945,252,438,94,9,109
2012,4,7,961,146,476,60,7,72
2012,4,8,499,94,296,32,0,41
2012,4,9,733,92,382,49,5,74
2012,4,10,938,307,488,90,9,110
2012,4,11,909,264,374,58,7,62
2012,4,12,880,256,371,73,4,81
2012,4,13,875,242,381,73,14,74
2012,4,14,1032,146,520,74,17,78
2012,4,15,904,121,437,71,8,95
2012,4,16,749,238,331,76,7,87
2012,4,17,780,231,351,58,5,71
2012,4,18,805,293,326,64,7,70
2012,4,19,817,272,315,77,4,97
2012,4,20,830,235,372,99,7,111
2012,4,21,974,133,511,108,10,154
2012,4,22,955,121,531,83,9,116
2012,4,24,727,213,296,73,10,83
2012,4,25,820,281,342,80,7,99
2012,4,26,812,261,359,97,2,115
2012,4,27,918,251,461,104,3,125
2012,4,28,910,115,534,129,8,178
2012,4,29,1004,124,586,88,14,113
2012,4,30,855,155,512,114,9,142
2012,5,1,998,110,570,87,4,107
2012,5,2,897,31,548,85,9,97
2012,5,3,847,99,490,75,7,105
2012,5,4,865,176,444,118,4,161
2012,5,5,806,119,463,76,4,101
2012,5,6,806,125,557,62,3,89
2012,5,7,736,181,369,67,2,91
2012,5,8,666,214,281,70,5,83
2012,5,9,765,218,352,86,2,99
2012,5,10,876,235,406,84,4,93
2012,5,11,970,191,507,128,14,135
2012,5,12,955,95,495,104,12,118
2012,5,13,950,132,517,72,10,93
2012,5,14,840,187,423,85,9,100
2012,5,15,735,233,316,88,4,108
2012,5,16,793,224,363,85,6,97
2012,5,17,773,274,327,76,7,95
2012,5,18,931,284,448,111,14,128
2012,5,19,1097,132,608,97,11,119
2012,5,20,1062,136,653,123,17,141
2012,5,21,934,214,539,96,8,119
2012,5,22,912,253,446,105,10,121
2012,5,23,868,344,391,89,2,113
2012,5,24,1027,273,480,121,11,142
2012,5,25,885,245,398,128,14,132
2012,5,26,957,106,529,112,10,152
2012,5,27,1058,111,607,85,12,121
2012,5,28,881,208,437,104,13,131
2012,5,29,753,347,251,99,8,108
2012,5,30,833,284,317,91,6,113
2012,5,31,820,279,358,90,10,102
2012,6,1,831,244,367,102,8,148
2012,6,2,881,125,483,67,3,80
2012,6,3,1003,112,559,76,10,102
2012,6,4,840,207,402,88,8,98
2012,6,5,833,238,363,89,6,111
2012,6,6,908,253,526,85,5,91
2012,6,7,913,149,509,91,13,95
2012,6,8,916,168,481,113,5,137
2012,6,9,1235,130,708,78,9,87
2012,6,10,1078,154,599,83,8,121
2012,6,11,844,222,419,79,7,96
2012,6,12,756,204,358,70,2,80
2012,6,13,995,213,435,87,5,108
2012,6,14,892,233,358,79,4,101
2012,6,15,899,221,391,93,6,107
2012,6,16,1052,133,569,113,11,131
2012,6,17,1296,108,732,109,13,131
2012,6,18,1025,213,549,118,13,140
2012,6,19,880,248,444,103,6,129
2012,6,20,930,277,447,81,4,107
2012,6,21,917,244,401,91,12,115
2012,6,22,977,282,531,105,3,129
2012,6,23,1114,153,628,100,10,135
2012,6,24,1211,154,726,101,18,128
2012,6,25,1046,231,588,110,10,138
2012,6,26,802,240,364,69,3,89
2012,6,27,1748,261,405,87,7,96
2012,6,28,875,227,454,77,6,85
2012,6,29,892,208,482,137,9,164
2012,6,30,1117,157,674,81,10,99
2012,7,1,1215,132,744,117,11,166
2012,7,2,1025,220,645,100,15,123
2012,7,3,943,231,469,85,8,106
2012,7,4,909,278,429,98,11,112
2012,7,5,1031,253,533,109,4,136
2012,7,6,1013,223,595,109,7,130
2012,7,7,1063,122,604,104,11,129
2012,7,8,1267,92,791,90,14,130
2012,7,9,1028,215,607,110,11,136
2012,7,10,941,266,477,116,5,164
2012,7,11,1040,246,539,115,8,133
2012,7,12,910,244,478,114,13,141
2012,7,13,843,210,427,96,4,119
2012,7,14,1004,124,554,107,6,149
2012,7,15,1105,121,671,89,11,133
2012,7,16,907,186,474,110,10,137
2012,7,17,722,219,340,98,9,127
2012,7,18,740,305,343,82,3,104
2012,7,19,843,244,385,83,7,105
2012,7,20,789,183,406,100,7,127
2012,7,22,1130,91,673,83,7,108
2012,7,23,981,197,572,137,12,178
2012,7,24,798,188,419,106,4,128
2012,7,25,876,232,459,97,8,112
2012,7,26,1040,246,539,115,8,133
2012,7,27,882,202,453,90,10,109
2012,7,28,1002,123,591,102,9,125
2012,7,29,1001,606,124,91,9,127
2012,7,30,867,185,480,103,17,136
2012,7,31,823,212,383,78,4,100
2012,8,1,737,181,377,113,11,129
2012,8,2,915,225,467,87,4,121
2012,8,3,801,225,421,112,10,133
2012,8,4,1020,148,607,105,9,133
2012,8,5,1062,119,662,89,20,134
2012,8,6,1006,175,629,105,9,149
2012,8,7,817,226,392,117,11,148
2012,8,8,830,248,392,82,11,92
2012,8,9,819,220,383,89,9,108
2012,8,10,813,220,434,108,11,141
2012,8,11,888,133,551,96,11,132
2012,8,12,915,128,568,95,20,131
2012,8,13,1007,213,628,90,6,118
2012,8,14,718,214,375,96,9,107
2012,8,15,766,126,436,74,2,117
2012,8,16,866,198,436,82,9,110
2012,8,17,863,201,407,75,7,98
2012,8,18,942,108,546,86,13,95
2012,8,19,1041,122,642,88,10,128
2012,8,20,1041,122,642,88,10,128
2012,8,21,838,223,432,109,7,133
2012,8,22,850,266,422,101,11,121
2012,8,23,822,243,370,115,7,137
2012,8,24,855,229,434,120,8,131
2012,8,25,915,76,491,86,10,107
2012,8,26,1106,117,605,108,7,160
2012,8,27,854,219,400,108,8,126
2012,8,28,813,224,355,114,15,131
2012,8,29,803,246,391,92,5,110
2012,8,30,828,226,392,95,6,110
2012,8,31,841,220,421,100,8,123
2012,9,1,944,133,508,123,15,164
2012,9,2,1055,105,625,82,7,108
2012,9,4,717,272,325,76,0,92
2012,9,4,946,194,494,105,10,114
2012,9,5,783,275,354,87,2,100
2012,9,6,747,249,317,106,13,120
2012,9,7,751,249,371,89,6,98
2012,9,8,924,114,531,105,15,124
2012,9,9,975,124,595,85,15,124
2012,9,10,856,219,465,122,10,143
2012,9,11,794,247,372,91,6,111
2012,9,12,868,247,389,116,6,129
2012,9,13,763,240,312,139,7,169
2012,9,14,760,255,350,117,5,152
2012,9,15,885,120,450,114,14,131
2012,9,16,918,120,517,94,16,114
2012,9,17,974,199,543,122,12,144
2012,9,18,751,253,338,106,8,116
2012,9,19,708,320,280,101,2,125
2012,9,20,784,235,349,90,9,113
2012,9,21,746,227,318,105,7,114
2012,9,22,811,127,415,113,8,142
2012,9,23,808,131,434,71,11,90
2012,9,24,772,225,420,97,6,137
2012,9,25,778,255,340,107,6,127
2012,9,26,783,259,336,119,14,142
2012,9,27,826,258,354,79,5,99
2012,9,28,801,209,346,138,13,166
2012,9,29,927,119,530,115,7,142
2012,9,30,877,116,506,114,16,149
2012,10,1,773,243,394,111,13,127
2012,10,2,809,261,768,101,9,121
2012,10,3,806,291,341,110,10,137
2012,10,4,902,270,415,100,6,119
2012,10,5,773,221,352,104,8,112
2012,10,6,945,128,487,114,8,134
2012,10,7,867,118,493,102,14,144
2012,10,8,805,252,404,100,12,121
2012,10,9,759,258,324,70,7,74
2012,10,10,805,270,330,84,8,98
2012,10,11,838,291,371,115,10,130
2012,10,12,860,248,382,96,13,106
2012,10,13,993,144,508,111,17,134
2012,10,14,916,132,525,89,16,100
2012,10,15,933,241,460,95,7,105
2012,10,16,723,302,355,132,11,161
2012,10,17,698,257,348,124,12,151
2012,10,18,857,225,370,116,12,126
2012,10,19,904,255,412,112,10,130
2012,10,20,967,156,515,125,14,144
2012,10,21,933,531,128,128,13,171
2012,10,22,827,228,393,89,13,103
2012,10,23,880,284,393,102,9,111
2012,10,24,767,279,332,68,7,76
2012,10,25,731,248,314,86,12,94
2012,10,26,682,62,298,116,6,142
2012,10,27,720,115,353,99,12,124
2012,10,28,669,128,316,71,7,103
2012,10,29,646,210,302,85,5,109
2012,10,30,583,256,230,90,2,105
2012,10,31,676,226,286,128,9,157
2012,11,1,585,139,288,83,6,118
2012,11,2,754,233,374,88,10,111
2012,11,3,867,132,408,62,7,79
2012,11,4,896,140,483,67,4,92
2012,11,5,672,245,293,96,9,109
2012,11,6,865,322,308,87,13,100
2012,11,7,679,266,227,86,6,89
2012,11,8,756,286,258,91,8,105
2012,11,9,746,234,315,104,10,115
2012,11,10,957,132,454,82,12,91
2012,11,11,1014,142,504,70,11,77
2012,11,12,998,223,588,89,10,113
2012,11,13,998,223,588,89,10,113
2012,11,14,717,268,277,65,8,69
2012,11,15,786,276,285,84,10,94
2012,11,16,718,243,317,82,8,105
2012,11,17,675,127,325,77,10,92
2012,11,18,838,131,423,63,14,95
2012,11,19,760,251,359,79,15,95
2012,11,20,701,259,250,59,12,67
2012,11,21,746,278,296,73,16,79
2012,11,22,791,264,347,99,8,117
2012,11,23,777,237,325,103,14,116
2012,11,24,871,138,416,105,14,132
2012,11,25,827,118,418,85,8,126
2012,11,26,736,235,361,91,4,102
2012,11,27,687,284,287,95,5,107
2012,11,28,740,286,264,109,17,113
2012,11,29,697,277,253,130,11,127
2012,11,30,610,181,268,96,9,116
2012,12,1,1008,169,548,140,28,141
2012,12,2,763,98,384,71,15,96
2012,12,3,563,200,216,96,6,119
2012,12,4,505,284,178,78,9,86
2012,12,5,589,215,186,90,4,108
2012,12,6,568,237,166,73,7,76
2012,12,7,498,234,162,116,8,135
2012,12,8,562,120,253,72,8,79
2012,12,9,581,95,255,37,5,54
2012,12,10,502,230,174,82,6,95
2012,12,11,493,256,140,92,4,108
2012,12,12,567,273,167,73,5,75
2012,12,13,525,217,164,89,3,111
2012,12,14,640,225,275,77,13,94
2012,12,15,674,127,305,93,14,106
2012,12,16,635,126,251,72,5,90
2012,12,17,479,244,172,95,5,119
2012,12,18,536,247,163,84,3,101
2012,12,19,558,264,166,76,7,85
2012,12,20,547,268,161,65,7,73
2012,12,21,495,209,178,91,9,101
2012,12,22,594,151,244,69,6,87
2012,12,23,532,149,219,44,6,59
2012,12,24,239,113,98,62,7,80
2012,12,25,286,66,143,34,3,43
2012,12,26,441,84,214,57,7,68
2012,12,27,577,233,249,113,10,143
2012,12,28,489,269,153,84,6,101
2012,12,29,504,143,185,53,8,65
2012,12,30,525,117,219,44,4,62
2012,12,31,379,144,162,99,9,130
2013,1,1,852,123,416,70,8,95
2013,1,2,511,245,231,65,8,73
2013,1,3,546,259,184,84,13,89
2013,1,4,505,285,173,79,8,89
2013,1,5,560,150,235,39,3,48
2013,1,6,549,117,271,49,5,65
2013,1,7,523,232,197,52,7,59
2013,1,8,588,323,183,66,9,80
2013,1,9,624,246,191,68,5,73
2013,1,10,619,316,213,93,9,104
2013,1,11,590,291,238,106,5,132
2013,1,12,658,143,269,65,4,77
2013,1,13,626,163,256,45,2,59
2013,1,14,500,250,159,78,4,94
2013,1,15,500,244,150,64,4,79
2013,1,16,604,320,175,60,4,69
2013,1,17,622,312,182,46,4,55
2013,1,18,587,241,187,63,4,70
2013,1,19,497,116,205,47,0,78
2013,1,20,564,103,256,25,0,28
2013,1,21,399,222,151,56,6,66
2013,1,22,487,373,127,53,6,58
2013,1,23,579,286,151,49,2,59
2013,1,24,601,294,147,59,9,65
2013,1,25,690,294,268,53,3,57
2013,1,26,636,135,248,37,3,43
2013,1,27,551,122,227,32,3,34
2013,1,28,517,252,173,59,9,77
2013,1,29,600,306,176,49,7,59
2013,1,30,680,297,235,61,6,76
2013,1,31,656,302,215,78,12,84
2013,2,1,714,291,233,65,8,75
2013,2,2,774,153,342,74,7,94
2013,2,3,676,113,328,48,7,73
2013,2,4,616,278,232,63,3,83
2013,2,5,660,277,212,85,8,107
2013,2,6,774,329,251,57,4,85
2013,2,7,742,287,259,87,8,105
2013,2,8,718,247,247,74,3,87
2013,2,9,853,173,369,59,10,65
2013,2,10,695,128,345,51,4,76
2013,2,11,710,225,295,45,1,58
2013,2,12,739,290,252,68,4,74
2013,2,13,647,270,215,62,1,79
2013,2,14,758,310,237,56,7,73
2013,2,15,808,279,295,60,4,75
2013,2,16,804,153,347,44,5,54
2013,2,17,730,127,328,39,10,45
2013,2,18,656,286,267,48,4,68
2013,2,19,647,282,200,96,5,124
2013,2,20,653,260,179,62,3,76
2013,2,21,735,283,198,52,5,55
2013,2,22,696,268,216,53,6,64
2013,2,23,677,165,268,77,8,95
2013,2,24,665,120,275,29,1,46
2013,2,25,727,260,295,55,1,64
2013,2,26,777,352,285,39,4,39
2013,2,27,851,296,289,47,11,38
2013,2,28,748,291,291,45,3,55
2013,3,1,777,254,274,84,6,89
2013,3,2,772,118,361,66,3,80
2013,3,3,704,119,331,42,8,55
2013,3,4,718,241,299,80,6,104
2013,3,5,1155,279,296,74,3,90
2013,3,6,900,291,335,75,2,93
2013,3,7,836,270,294,68,5,82
2013,3,8,779,225,344,87,6,117
2013,3,9,1089,121,606,67,7,85
2013,3,10,766,109,375,62,5,76
2013,3,11,608,228,272,70,5,8
2013,3,12,664,279,221,45,4,49
2013,3,13,654,267,207,58,6,78
2013,3,14,709,309,219,66,7,76
2013,3,15,646,246,216,57,1,75
2013,3,16,666,138,291,51,2,60
2013,3,17,698,140,322,44,7,52
2013,3,18,654,228,260,43,7,43
2013,3,19,571,298,185,87,8,135
2013,3,20,707,244,232,76,11,94
2013,3,21,814,263,230,63,4,69
2013,3,22,655,231,225,78,7,98
2013,3,23,599,116,281,43,1,59
2013,3,24,605,110,243,23,3,23
2013,3,25,708,241,262,51,6,60
2013,3,26,604,230,172,48,5,61
2013,3,27,742,258,239,63,7,68
2013,3,28,774,263,257,51,8,61
2013,3,29,669,282,279,70,5,91
2013,3,30,694,161,307,42,4,55
2013,3,31,496,87,230,50,7,86
2013,4,1,522,98,257,43,1,82
2013,4,2,767,268,348,46,9,60
2013,4,3,629,246,220,54,4,68
2013,4,4,673,301,201,52,5,60
2013,4,5,767,266,276,54,4,62
2013,4,6,743,116,344,48,6,63
2013,4,7,803,121,381,29,2,43
2013,4,8,725,276,309,50,5,65
2013,4,9,790,272,298,57,7,63
2013,4,10,824,251,329,48,4,56
2013,4,11,904,280,395,72,3,103
2013,4,12,799,245,337,62,5,68
2013,4,13,983,131,485,80,10,91
2013,4,14,979,123,527,72,5,87
2013,4,15,841,235,408,85,3,103
2013,4,16,835,254,367,78,4,90
2013,4,17,843,299,376,72,3,72
2013,4,18,893,279,387,76,3,95
2013,4,19,881,250,415,86,6,102
2013,4,20,986,137,524,68,11,81
2013,4,21,950,117,533,86,7,107
2013,4,22,833,256,448,93,6,120
2013,4,23,836,251,386,76,5,84
2013,4,24,766,237,367,79,7,87
2013,4,25,934,260,427,70,6,97
2013,4,26,855,265,427,110,8,153
2013,4,27,904,104,502,89,8,102
2013,4,28,817,116,426,74,5,96
2013,4,29,795,237,389,62,6,77
2013,4,30,748,241,360,72,12,84
2013,5,1,900,138,506,67,8,90
2013,5,2,916,178,498,73,7,101
2013,5,3,782,112,474,48,6,54
2013,5,4,801,107,452,65,6,89
2013,5,5,958,122,511,82,11,103
2013,5,6,807,183,407,77,4,81
2013,5,7,716,237,325,76,7,87
2013,5,8,711,245,326,89,11,91
2013,5,9,833,205,378,100,4,109
2013,5,10,888,226,423,124,8,142
2013,5,11,980,114,535,99,14,114
2013,5,12,957,126,511,81,7,119
2013,5,13,802,194,417,53,2,60
2013,5,14,773,268,351,94,2,109
2013,5,15,812,212,364,111,6,134
2013,5,16,871,239,429,121,10,131
2013,5,17,907,231,429,97,4,120
2013,5,18,1012,109,608,113,6,134
2013,5,19,1018,111,613,116,11,148
2013,5,20,848,210,406,126,12,155
2013,5,21,878,237,421,101,10,112
2013,5,22,717,248,290,90,4,95
2013,5,23,764,214,313,81,3,108
2013,5,24,743,219,310,93,7,123
2013,5,25,775,107,352,79,8,95
2013,5,26,859,120,465,54,5,77
2013,5,27,832,228,412,78,6,89
2013,5,28,635,246,245,86,5,114
2013,5,29,740,244,342,126,6,156
2013,5,30,816,140,455,62,16,82
2013,5,31,916,189,478,111,15,144
2013,6,1,882,116,448,86,8,117
2013,6,2,944,121,572,73,4,99
2013,6,3,781,207,354,95,6,107
2013,6,4,709,238,299,78,5,94
2013,6,5,848,220,368,68,4,82
2013,6,6,1142,282,642,65,4,85
2013,6,7,979,246,482,108,6,121
2013,6,8,1109,126,611,97,4,124
2013,6,9,1113,123,646,87,15,99
2013,6,10,1577,211,449,96,9,104
2013,6,11,869,243,403,100,8,128
2013,6,12,1010,259,523,95,8,107
2013,6,13,880,262,412,99,9,119
2013,6,14,959,261,459,103,6,115
2013,6,15,1089,118,600,120,10,133
2013,6,16,1114,138,653,109,12,139
2013,6,17,917,218,477,105,5,127
2013,6,18,916,251,417,99,8,118
2013,6,19,898,250,434,110,5,124
2013,6,20,870,226,417,112,10,125
2013,6,21,947,219,492,130,11,180
2013,6,22,1080,147,637,107,8,142
2013,6,23,1145,127,644,99,15,153
2013,6,24,1033,219,591,96,6,110
2013,6,25,732,235,318,113,8,144
2013,6,26,634,243,258,99,8,116
2013,6,27,737,272,301,84,9,108
2013,6,28,737,236,391,102,6,121
2013,6,29,923,130,561,121,8,146
2013,6,30,1074,120,578,93,13,139
2013,7,1,903,199,470,83,10,103
2013,7,2,916,242,475,98,6,114
2013,7,3,901,291,480,104,5,130
2013,7,4,959,256,507,119,17,128
2013,7,5,1008,210,567,119,9,140
2013,7,6,1176,140,711,124,7,149
2013,7,7,1324,132,852,90,8,121
2013,7,8,965,197,516,118,8,143
2013,7,9,941,266,495,103,8,118
2013,7,10,980,250,528,125,9,158
2013,7,11,939,252,495,95,4,131
2013,7,12,862,225,460,107,13,129
2013,7,13,896,136,490,88,10,138
2013,7,14,1074,119,641,94,9,129
2013,7,15,944,221,510,92,9,127
2013,7,16,858,232,431,94,5,114
2013,7,17,922,235,460,94,5,119
2013,7,18,941,239,496,93,7,100
2013,7,19,949,191,511,117,3,129
2013,7,20,1079,120,646,91,5,134
2013,7,21,1162,141,730,124,14,159
2013,7,22,930,207,548,116,9,149
2013,7,23,778,223,365,114,4,133
2013,7,24,802,268,419,91,6,106
2013,7,25,838,240,384,91,9,105
2013,7,26,874,207,446,128,9,146
2013,7,27,1013,134,619,108,11,135
2013,7,28,1155,111,717,80,4,103
2013,7,29,930,190,531,98,8,120
2013,7,30,814,230,400,91,5,114
2013,7,31,793,189,350,108,9,136
2013,8,1,840,189,414,97,11,113
2013,8,2,926,209,430,103,6,120
2013,8,3,997,130,590,128,27,148
2013,8,4,1039,142,647,100,11,142
2013,8,5,811,226,454,91,9,106
2013,8,6,845,233,423,112,6,129
2013,8,7,868,203,458,104,11,127
2013,8,8,959,228,518,89,6,106
2013,8,9,855,214,446,104,10,116
2013,8,10,887,138,515,120,14,167
2013,8,11,1115,124,678,116,12,149
2013,8,12,849,203,472,110,6,125
2013,8,13,764,249,387,105,14,136
2013,8,14,989,257,613,115,5,147
2013,8,15,862,126,549,91,14,121
2013,8,16,890,156,506,103,6,129
2013,8,17,863,120,530,94,7,116
2013,8,18,931,112,585,104,15,121
2013,8,19,936,182,513,102,4,142
2013,8,20,780,211,380,97,5,123
2013,8,21,1829,237,386,70,8,83
2013,8,22,811,228,368,89,9,96
2013,8,23,860,211,435,88,5,110
2013,8,24,972,124,533,112,8,145
2013,8,25,921,109,559,97,15,152
2013,8,26,766,215,386,117,7,143
2013,8,27,810,242,334,99,9,135
2013,8,28,822,278,420,92,3,111
2013,8,29,774,216,346,104,9,127
2013,8,30,812,209,442,112,14,127
2013,8,31,913,143,532,102,18,124
2013,9,1,1142,141,691,96,14,113
2013,9,2,706,211,342,88,11,103
2013,9,3,669,231,312,100,6,116
2013,9,4,751,292,312,94,7,134
2013,9,5,785,223,333,94,17,104
2013,9,6,758,234,358,130,8,153
2013,9,7,970,121,551,128,17,136
2013,9,8,1035,127,611,112,13,134
2013,9,9,906,215,505,146,8,184
2013,9,10,733,272,354,111,4,131
2013,9,11,824,261,393,108,11,139
2013,9,12,831,253,357,115,11,138
2013,9,13,772,238,349,122,8,137
2013,9,14,905,139,439,98,12,138
2013,9,15,1120,129,645,107,13,144
2013,9,16,734,231,379,101,7,139
2013,9,17,658,241,276,85,11,105
2013,9,18,700,295,280,109,7,124
2013,9,19,735,276,294,84,4,120
2013,9,20,711,234,336,108,8,115
2013,9,21,902,124,498,105,11,142
2013,9,22,976,155,547,79,19,105
2013,9,23,750,228,362,116,9,151
2013,9,24,809,264,383,111,7,132
2013,9,25,747,272,306,88,6,102
2013,9,26,784,242,306,111,6,128
2013,9,27,794,264,390,116,7,127
2013,9,28,964,135,510,109,8,134
2013,9,29,948,131,482,73,11,84
2013,9,30,693,228,344,109,11,136
2013,10,1,818,241,375,104,10,112
2013,10,2,804,256,362,75,8,95
2013,10,3,731,311,292,77,6,83
2013,10,4,711,236,306,118,13,126
2013,10,5,904,130,466,99,12,142
2013,10,6,981,143,516,103,11,148
2013,10,7,850,269,456,76,15,83
2013,10,8,860,286,406,96,9,102
2013,10,9,884,273,407,102,13,117
2013,10,10,929,286,420,81,6,88
2013,10,11,992,248,506,127,10,139
2013,10,12,1024,164,567,94,12,121
2013,10,13,1073,152,566,129,19,166
2013,10,14,974,246,485,114,12,144
2013,10,15,868,300,409,91,5,104
2013,10,16,828,312,372,118,10,137
2013,10,17,836,308,369,97,12,101
2013,10,18,748,236,361,111,11,132
2013,10,19,956,131,497,96,11,111
2013,10,20,958,134,540,99,16,113
2013,10,21,833,252,385,120,16,155
2013,10,22,868,276,384,117,12,122
2013,10,23,794,315,331,94,9,107
2013,10,24,1148,291,440,129,12,153
2013,10,25,836,253,379,111,7,126
2013,10,26,978,138,488,109,11,133
2013,10,27,994,137,505,83,9,105
2013,10,28,811,206,378,106,10,141
2013,10,29,774,247,319,103,5,111
2013,10,30,739,292,272,97,8,107
2013,10,31,678,296,274,103,11,122
2013,11,1,672,178,315,74,8,90
2013,11,2,723,130,366,72,7,88
2013,11,3,712,154,343,89,12,110
2013,11,4,665,202,280,85,3,96
2013,11,5,552,242,189,97,9,105
2013,11,6,601,203,180,105,4,124
2013,11,7,544,189,176,95,8,111
2013,11,8,678,214,307,102,10,113
2013,11,9,727,136,305,116,6,146
2013,11,10,754,115,335,82,4,112
2013,11,11,596,126,278,47,5,62
2013,11,12,638,194,215,65,12,62
2013,11,13,637,213,171,82,4,89
2013,11,14,514,198,188,76,8,93
2013,11,15,566,178,195,74,6,83
2013,11,16,672,125,297,68,9,84
2013,11,17,702,114,285,66,12,79
2013,11,18,664,183,265,87,11,92
2013,11,19,519,251,160,63,9,80
2013,11,20,564,236,170,107,7,121
2013,11,21,575,210,202,111,14,126
2013,11,22,627,233,233,104,8,126
2013,11,23,706,128,260,88,13,110
2013,11,24,705,126,301,85,12,103
2013,11,25,504,215,191,113,12,114
2013,11,26,479,192,147,101,7,119
2013,11,27,481,198,137,87,11,101
2013,11,28,483,195,140,105,9,124
2013,11,29,699,211,194,119,6,132
2013,11,30,829,123,374,112,16,129
2013,12,1,972,123,481,91,16,110
2013,12,2,539,232,201,108,11,128
2013,12,3,491,284,140,79,5,95
2013,12,4,530,239,167,81,5,97
2013,12,5,557,214,160,104,12,111
2013,12,6,412,184,137,118,5,183
2013,12,7,470,113,163,75,4,104
2013,12,8,524,117,213,34,1,39
2013,12,9,717,200,338,112,7,123
2013,12,10,532,243,170,91,3,96
2013,12,11,571,210,161,90,8,98
2013,12,12,645,255,193,84,11,93
2013,12,13,606,209,182,97,7,118
2013,12,14,641,121,262,86,10,98
2013,12,15,686,134,290,72,9,84
2013,12,16,615,223,215,123,12,139
2013,12,17,488,247,161,124,6,150
2013,12,18,510,213,157,87,9,101
2013,12,19,526,260,167,104,7,119
2013,12,20,563,228,201,136,10,156
2013,12,21,667,144,286,133,17,158
2013,12,22,671,156,259,93,10,119
2013,12,23,574,271,214,131,10,147
2013,12,24,399,160,160,83,10,85
2013,12,25,342,80,161,35,3,41
2013,12,26,482,98,246,36,4,48
2013,12,27,540,313,194,77,9,96
2013,12,28,550,151,203,85,12,112
2013,12,29,562,109,218,37,0,54
2013,12,30,561,201,179,90,9,114
2013,12,31,406,141,147,102,9,127
2014,1,1,888,123,421,70,13,88
2014,1,2,504,230,182,67,9,85
2014,1,3,526,273,125,93,8,112
2014,1,4,536,152,165,68,7,93
2014,1,5,574,131,250,51,3,74
2014,1,6,517,122,196,29,7,37
2014,1,7,543,272,186,73,2,78
2014,1,8,587,257,135,69,8,78
2014,1,9,702,288,165,78,5,80
2014,1,10,631,282,167,76,6,83
2014,1,11,735,136,287,47,8,58
2014,1,12,728,174,253,46,10,53
2014,1,13,642,224,208,90,5,104
2014,1,14,679,262,162,53,5,58
2014,1,15,638,267,167,71,2,82
2014,1,16,646,311,165,54,3,64
2014,1,17,670,240,183,76,7,87
2014,1,18,644,156,236,67,6,81
2014,1,19,1322,124,242,58,3,92
2014,1,20,498,235,143,85,12,97
2014,1,21,515,289,101,54,5,62
2014,1,22,514,288,121,45,2,53
2014,1,24,435,226,107,64,5,73
2014,1,25,496,149,171,54,2,74
2014,1,26,454,108,163,36,3,46
2014,1,27,530,231,168,57,4,77
2014,1,28,479,269,109,45,3,49
2014,1,29,479,269,109,45,3,49
2014,1,30,578,295,128,56,5,73
2014,1,31,453,277,119,64,4,75
2014,2,1,593,169,216,42,8,51
2014,2,2,673,120,266,38,3,51
2014,2,3,595,249,220,60,5,68
2014,2,4,606,268,161,65,6,85
2014,2,5,626,297,161,82,4,93
2014,2,6,703,307,195,66,7,91
2014,2,7,759,254,225,70,6,80
2014,2,8,811,170,302,79,4,99
2014,2,9,789,140,290,59,6,75
2014,2,10,711,241,268,85,6,89
2014,2,11,683,279,184,98,14,131
2014,2,12,679,291,168,78,12,104
2014,2,13,702,287,163,84,3,106
2014,2,14,591,226,159,85,3,103
2014,2,15,812,150,344,80,6,103
2014,2,16,710,119,280,47,4,62
2014,2,17,720,258,254,84,8,97
2014,2,18,653,267,184,75,8,81
2014,2,19,693,274,181,49,4,52
2014,2,20,659,284,203,62,7,77
2014,2,21,799,260,415,75,3,94
2014,2,22,739,145,288,58,4,64
2014,2,23,706,134,302,62,9,82
2014,2,24,709,227,272,82,8,85
2014,2,25,607,256,180,59,9,63
2014,2,26,648,282,186,64,7,64
2014,2,27,690,294,185,51,7,54
2014,2,28,900,268,396,62,7,64
2014,3,1,822,134,352,64,10,71
2014,3,2,822,153,378,54,9,68
2014,3,3,735,228,244,53,7,65
2014,3,4,662,295,218,51,5,50
2014,3,5,779,277,223,50,6,49
2014,3,6,614,300,166,46,4,49
2014,3,7,692,264,228,52,4,57
2014,3,8,947,156,432,57,5,64
2014,3,9,853,151,401,62,8,87
2014,3,10,761,270,297,89,4,106
2014,3,11,712,287,218,78,5,88
2014,3,12,705,280,218,70,4,94
2014,3,13,803,291,256,81,2,96
2014,3,14,749,260,233,89,7,95
2014,3,15,744,132,310,92,7,124
2014,3,16,647,127,267,81,6,112
2014,3,17,596,248,200,59,5,75
2014,3,18,744,268,243,66,7,76
2014,3,19,668,271,189,75,6,88
2014,3,20,837,290,258,60,4,66
2014,3,21,819,275,276,108,4,127
2014,3,22,867,151,369,88,8,104
2014,3,23,777,127,346,69,8,97
2014,3,24,714,235,270,97,8,119
2014,3,25,545,275,130,62,4,87
2014,3,26,639,300,167,71,5,81
2014,3,27,638,243,176,85,6,95
2014,3,28,667,293,215,76,9,83
2014,3,29,760,135,336,75,8,84
2014,3,30,738,146,334,103,8,124
2014,3,31,669,239,281,75,7,78
2014,4,1,691,276,214,70,4,86
2014,4,2,609,265,210,79,1,86
2014,4,3,784,269,242,100,4,123
2014,4,4,727,243,263,95,8,108
2014,4,5,744,139,313,80,8,102
2014,4,6,802,144,368,58,6,76
2014,4,7,849,222,356,77,6,106
2014,4,8,738,284,281,112,5,127
2014,4,9,678,227,206,83,8,91
2014,4,10,609,257,210,82,2,98
2014,4,11,790,254,297,74,8,89
2014,4,12,849,146,345,87,11,116
2014,4,13,804,111,342,57,16,73
2014,4,14,681,231,277,84,8,103
2014,4,16,658,248,203,72,5,76
2014,4,17,726,249,251,92,7,102
2014,4,18,907,322,353,99,12,106
2014,4,19,759,155,364,89,13,118
2014,4,20,614,96,282,45,4,55
2014,4,21,698,124,325,60,4,102
2014,4,22,898,247,413,85,7,101
2014,4,23,608,254,218,74,6,81
2014,4,24,681,245,223,82,9,83
2014,4,25,668,253,233,76,4,83
2014,4,26,750,139,309,86,7,110
2014,4,27,846,142,365,70,9,85
2014,4,28,745,216,272,83,7,94
2014,4,29,629,248,220,87,3,92
2014,4,30,611,225,235,104,5,122
2014,5,1,716,126,372,83,6,120
2014,5,2,772,177,401,60,7,64
2014,5,3,621,113,259,61,5,79
2014,5,4,618,113,272,61,13,72
2014,5,5,589,184,248,82,5,94
2014,5,6,627,259,199,79,4,90
2014,5,7,621,240,221,84,2,100
2014,5,8,973,227,462,92,3,110
2014,5,9,679,228,254,119,4,134
2014,5,10,802,147,370,80,5,89
2014,5,11,772,139,380,86,11,121
2014,5,12,714,201,293,96,7,127
2014,5,13,698,259,253,81,9,75
2014,5,14,665,283,247,103,6,123
2014,5,15,627,276,215,56,2,73
2014,5,16,631,251,256,98,10,124
2014,5,17,755,117,364,81,7,109
2014,5,18,876,106,429,64,11,93
2014,5,19,723,210,317,90,10,101
2014,5,20,707,282,253,109,6,112
2014,5,21,673,251,224,99,5,116
2014,5,22,713,245,247,110,5,137
2014,5,23,656,230,268,128,12,139
2014,5,24,824,175,399,120,8,150
2014,5,25,977,148,497,88,12,107
2014,5,26,733,236,278,120,7,143
2014,5,27,657,248,218,93,8,129
2014,5,28,607,262,217,94,5,115
2014,5,29,677,255,212,95,5,115
2014,5,30,574,237,181,92,9,97
2014,5,31,698,130,317,85,11,112
2014,6,1,806,131,394,87,8,110
2014,6,2,720,220,306,92,6,108
2014,6,3,673,313,250,73,7,81
2014,6,4,648,275,218,79,3,99
2014,6,5,746,240,269,102,11,125
2014,6,6,1063,284,531,110,3,133
2014,6,7,890,154,431,114,17,137
2014,6,8,993,130,572,124,13,159
2014,6,9,893,234,414,108,9,129
2014,6,10,705,247,259,106,6,119
2014,6,11,690,277,283,125,6,142
2014,6,12,772,263,329,101,6,101
2014,6,13,707,257,295,121,9,148
2014,6,14,760,263,329,101,6,101
2014,6,15,943,146,480,60,6,81
2014,6,16,690,245,305,93,7,115
2014,6,17,626,256,216,96,7,107
2014,6,18,746,245,319,133,5,154
2014,6,19,671,150,342,83,11,100
2014,6,20,801,203,357,87,10,114
2014,6,21,738,128,384,68,10,74
2014,6,22,817,139,399,94,10,135
2014,6,23,741,221,352,96,4,113
2014,6,24,662,240,240,99,5,109
2014,6,25,646,254,234,99,7,114
2014,6,26,646,256,218,91,8,105
2014,6,27,654,249,265,135,9,167
2014,6,28,843,157,471,105,10,144
2014,6,29,937,125,533,88,12,106
2014,6,30,645,200,275,113,7,139
2014,7,1,695,223,259,91,9,122
2014,7,2,697,260,281,96,4,120
2014,7,3,739,249,284,106,6,129
2014,7,4,806,244,377,105,2,120
2014,7,5,907,145,464,110,3,119
2014,7,6,1082,126,605,102,11,145
2014,7,7,819,194,356,115,11,142
2014,7,8,729,306,293,94,8,100
2014,7,9,724,234,296,88,8,104
2014,7,10,713,261,259,77,7,92
2014,7,11,790,218,313,98,4,118
2014,7,12,815,172,369,96,10,135
2014,7,13,1652,147,495,99,8,134
2014,7,14,870,175,424,104,9,114
2014,7,15,721,228,289,94,7,124
2014,7,16,743,239,326,101,7,122
2014,7,17,783,266,344,93,7,125
2014,7,18,712,229,318,92,3,115
2014,7,19,817,136,416,105,7,131
2014,7,20,961,140,498,108,8,187
2014,7,21,471,198,352,99,12,123
2014,7,22,670,230,285,92,4,106
2014,7,23,633,235,233,106,11,119
2014,7,24,656,237,252,112,6,149
2014,7,25,617,210,276,107,8,126
2014,7,26,932,155,459,114,10,153
2014,7,27,1077,126,560,99,12,129
2014,7,28,957,236,450,120,10,158
2014,7,29,720,222,282,92,7,110
2014,7,30,786,270,310,86,7,93
2014,7,31,718,239,256,90,7,105
2014,8,1,658,194,281,82,4,102
2014,8,2,865,134,433,90,5,122
2014,8,3,954,134,458,122,13,175
2014,8,4,653,211,318,112,11,150
2014,8,5,633,316,221,87,7,94
2014,8,6,676,267,227,104,0,133
2014,8,7,696,212,269,68,2,80
2014,8,8,681,209,306,113,4,137
2014,8,9,876,168,432,99,11,123
2014,8,10,1088,130,517,75,7,88
2014,8,11,719,199,337,110,10,131
2014,8,12,599,232,234,100,8,129
2014,8,13,706,253,239,85,7,99
2014,8,14,647,214,284,92,12,108
2014,8,15,770,133,392,87,5,107
2014,8,16,799,132,402,96,9,124
2014,8,17,778,125,359,73,6,102
2014,8,18,814,206,562,84,6,105
2014,8,19,494,202,205,90,6,116
2014,8,20,621,229,226,76,6,83
2014,8,21,629,259,224,85,7,103
2014,8,22,702,217,252,87,8,104
2014,8,23,762,151,371,108,13,138
2014,8,24,796,153,422,78,9,103
2014,8,25,705,205,317,85,12,106
2014,8,26,610,229,223,118,11,148
2014,8,27,604,246,217,82,4,109
2014,8,28,623,253,228,107,14,109
2014,8,29,670,212,280,114,9,120
2014,8,30,768,149,388,112,7,141
2014,8,31,923,146,526,91,14,129
2014,9,1,728,218,306,114,10,152
2014,9,2,661,238,252,85,3,96
2014,9,3,658,291,229,93,5,99
2014,9,4,686,302,247,100,4,113
2014,9,5,721,276,320,148,9,168
2014,9,6,836,178,393,144,19,116
2014,9,7,995,158,525,116,18,146
2014,9,8,896,253,395,102,10,120
2014,9,9,661,290,269,108,6,123
2014,9,10,735,283,320,84,11,97
2014,9,11,754,282,254,89,4,104
2014,9,12,670,262,293,108,5,126
2014,9,13,822,150,397,91,17,108
2014,9,14,911,139,459,117,20,151
2014,9,15,837,252,428,102,8,123
2014,9,16,716,275,273,88,4,99
2014,9,17,726,274,255,115,7,132
2014,9,18,661,273,237,106,7,126
2014,9,19,682,275,314,93,5,115
2014,9,20,810,174,394,123,12,150
2014,9,21,757,135,383,81,12,134
2014,9,22,713,247,319,121,17,151
2014,9,23,560,308,158,87,5,101
2014,9,24,574,254,168,95,6,112
2014,9,25,605,297,190,70,8,80
2014,9,26,678,237,264,125,7,150
2014,9,27,747,148,330,116,10,138
2014,9,28,1178,155,646,87,6,105
2014,9,29,740,262,289,94,5,111
2014,9,30,645,287,207,90,4,100
2014,10,1,694,241,251,103,8,114
2014,10,6,756,241,289,81,9,97
2014,10,7,651,278,225,78,7,88
2014,10,8,665,313,244,84,6,94
2014,10,9,750,294,254,111,16,104
2014,10,10,902,267,308,125,11,134
2014,10,11,911,148,445,111,14,118
2014,10,12,978,154,491,82,10,92
2014,10,13,825,256,356,73,8,76
2014,10,14,766,264,288,123,12,164
2014,10,15,788,289,271,114,8,148
2014,10,16,763,313,254,108,8,125
2014,10,17,796,261,309,99,8,115
2014,10,18,843,173,363,80,16,88
2014,10,19,881,170,437,90,18,117
2014,10,20,832,251,353,119,10,139
2014,10,21,732,263,233,90,8,106
2014,10,22,632,310,196,95,7,100
2014,10,23,609,291,207,102,6,112
2014,10,24,673,256,226,78,5,90
2014,10,25,717,146,319,75,5,93
2014,10,26,796,144,354,61,8,86
2014,10,27,671,215,273,73,5,87
2014,10,28,622,281,203,107,11,125
2014,10,29,617,280,197,93,9,98
2014,10,30,670,315,238,81,7,83
2014,10,31,606,314,242,71,8,75
2014,11,1,660,195,310,75,7,117
2014,11,2,766,175,356,50,5,57
2014,11,3,708,239,280,75,5,87
2014,11,4,541,267,186,91,2,111
2014,11,5,672,255,221,94,3,113
2014,11,6,653,257,255,83,5,100
2014,11,7,729,245,255,130,16,155
2014,11,8,767,147,339,104,13,135
2014,11,9,838,127,371,73,10,97
2014,11,10,667,268,259,82,7,89
2014,11,11,797,177,343,59,8,74
2014,11,12,765,209,279,79,10,91
2014,11,13,597,246,189,69,5,71
2014,11,14,948,298,225,73,7,73
2014,11,15,766,172,332,68,7,86
2014,11,16,851,165,362,56,6,70
2014,11,17,586,233,191,90,9,98
2014,11,18,472,285,177,93,8,95
2014,11,19,547,293,173,88,7,93
2014,11,20,598,284,183,110,9,130
2014,11,21,624,299,206,99,10,103
2014,11,22,685,149,269,51,7,71
2014,11,23,700,118,310,63,11,91
2014,11,24,530,249,201,76,11,90
2014,11,25,566,289,175,118,9,128
2014,11,26,627,270,197,72,12,89
2014,11,27,540,286,157,62,3,72
2014,11,28,587,235,213,72,10,75
2014,11,29,884,141,444,47,8,61
2014,11,30,853,157,403,52,8,48
2014,12,1,573,216,250,70,5,82
2014,12,2,537,272,154,66,6,79
2014,12,3,527,278,167,70,9,81
2014,12,4,571,299,182,93,11,105
2014,12,5,605,305,207,94,10,103
2014,12,6,655,149,270,91,8,125
2014,12,7,683,167,277,63,10,82
2014,12,8,852,260,419,91,8,108
2014,12,9,596,323,161,107,6,128
2014,12,10,582,304,166,100,8,113
2014,12,11,644,315,188,87,7,110
2014,12,12,636,295,191,152,14,177
2014,12,13,725,161,290,79,4,90
2014,12,14,734,139,287,78,3,94
2014,12,15,604,278,196,107,10,118
2014,12,16,630,297,185,109,10,116
2014,12,17,561,273,170,114,8,124
2014,12,18,584,301,178,126,10,145
2014,12,19,599,290,208,186,17,199
2014,12,20,713,171,285,132,14,156
2014,12,21,653,170,270,106,9,126
2014,12,22,530,295,184,171,6,195
2014,12,23,554,328,203,206,16,229
2014,12,24,416,184,179,113,18,123
2014,12,25,410,97,186,48,8,68
2014,12,26,452,89,219,68,4,110
2014,12,27,408,143,163,39,4,55
2014,12,28,444,135,186,35,1,50
2014,12,29,402,305,134,47,4,56
2014,12,30,379,276,107,53,7,64
2014,12,31,345,144,125,65,3,72
2015,1,1,880,108,379,42,4,47
2015,1,2,463,231,171,54,6,63
2015,1,3,494,158,201,53,4,66
2015,1,4,516,139,175,46,4,57
2015,1,5,417,190,123,67,1,85
2015,1,6,428,167,159,38,3,41
2015,1,7,452,272,134,63,5,71
2015,1,8,482,287,116,73,3,75
2015,1,9,483,246,149,106,10,117
2015,1,10,573,148,232,83,7,91
2015,1,11,669,171,261,50,6,57
2015,1,12,571,277,192,81,7,96
2015,1,13,576,330,162,94,5,102
2015,1,14,1336,302,209,71,8,72
2015,1,15,705,296,208,87,9,96
2015,1,16,639,334,202,82,4,113
2015,1,17,786,191,307,67,11,78
2015,1,18,723,147,300,49,8,56
2015,1,19,580,289,199,68,7,75
2015,1,20,580,318,174,51,2,53
2015,1,21,608,343,195,73,7,76
2015,1,22,663,341,191,73,5,77
2015,1,23,659,317,209,73,2,84
2015,1,24,705,181,259,61,6,85
2015,1,25,586,133,254,59,8,86
2015,1,26,628,261,231,55,5,63
2015,1,27,557,362,151,72,6,87
2015,1,28,622,281,163,71,4,86
2015,1,29,600,315,187,67,5,79
2015,1,30,609,307,165,95,10,103
2015,1,31,657,170,243,61,4,86
2015,2,1,688,155,268,47,8,66
2015,2,2,579,260,194,59,2,73
2015,2,3,626,254,153,80,5,101
2015,2,4,628,300,168,53,3,64
2015,2,5,608,282,165,63,3,77
2015,2,6,595,269,196,61,6,69
2015,2,7,650,146,276,57,7,73
2015,2,8,553,144,223,61,5,97
2015,2,9,505,240,168,87,4,102
2015,2,10,612,322,165,59,5,67
2015,2,11,676,294,220,57,8,66
2015,2,12,647,286,194,67,3,78
2015,2,13,720,282,213,102,6,129
2015,2,14,678,172,280,85,7,109
2015,2,15,672,170,298,42,9,55
2015,2,16,575,249,204,51,6,56
2015,2,17,596,275,195,50,4,56
2015,2,18,708,330,242,64,7,78
2015,2,19,604,303,157,63,5,77
2015,2,20,672,286,214,82,7,104
2015,2,21,1689,158,272,67,6,76
2015,2,22,691,142,301,60,6,69
2015,2,23,677,260,265,68,11,71
2015,2,24,687,338,189,64,5,76
2015,2,25,656,301,213,59,5,63
2015,2,26,720,348,226,79,6,89
2015,2,27,1017,341,448,64,7,65
2015,2,28,795,186,355,62,4,75
2015,3,1,676,155,285,40,8,50
2015,3,2,582,236,226,86,12,97
2015,3,3,614,293,181,73,5,87
2015,3,4,676,271,194,80,6,90
2015,3,5,729,301,225,63,5,72
2015,3,6,680,302,229,61,2,83
2015,3,7,792,174,350,68,8,88
2015,3,8,743,139,326,65,13,87
2015,3,9,892,259,377,70,5,83
2015,3,10,732,407,255,69,9,67
2015,3,11,705,305,219,70,4,81
2015,3,12,827,303,269,58,4,75
2015,3,13,728,293,247,89,7,98
2015,3,14,716,148,290,90,9,102
2015,3,15,787,144,377,70,8,91
2015,3,16,813,265,356,63,5,72
2015,3,17,714,272,220,61,8,68
2015,3,18,709,290,214,73,3,79
2015,3,19,771,286,251,73,3,105
2015,3,20,749,293,239,79,6,93
2015,3,21,785,173,314,72,8,88
2015,3,22,685,139,287,37,3,50
2015,3,23,655,272,255,84,7,100
2015,3,24,697,298,226,69,7,76
2015,3,25,692,314,244,80,9,90
2015,3,26,736,303,235,79,7,89
2015,3,27,669,282,242,97,8,118
2015,3,28,649,168,289,73,8,85
2015,3,29,667,140,276,51,7,65
2015,3,30,590,221,223,90,9,107
2015,3,31,592,267,174,76,3,101
2015,4,1,585,234,170,96,15,117
2015,4,2,622,269,194,79,5,96
2015,4,3,711,324,261,90,5,122
2015,4,4,730,175,312,60,6,68
2015,4,5,540,121,233,35,5,56
2015,4,6,604,87,312,32,7,45
2015,4,7,722,263,301,44,3,50
2015,4,8,593,276,186,55,1,66
2015,4,9,664,262,223,73,8,84
2015,4,10,809,265,300,87,7,93
2015,4,11,851,162,401,95,7,118
2015,4,12,802,160,355,84,4,96
2015,4,13,703,262,268,84,5,100
2015,4,14,558,311,191,65,1,79
2015,4,15,695,274,223,57,8,70
2015,4,16,721,283,227,61,2,69
2015,4,21,647,290,239,82,5,98
2015,4,22,663,285,218,88,3,101
2015,4,23,617,269,215,86,5,97
2015,4,24,684,255,254,99,6,117
2015,4,25,697,133,317,100,8,126
2015,4,26,786,147,344,79,8,98
2015,4,27,834,231,389,111,5,124
2015,4,28,588,299,191,99,6,128
2015,4,29,551,277,176,71,5,79
2015,4,30,581,248,219,93,8,123
2015,5,1,681,169,330,67,10,95
2015,5,2,619,152,300,78,4,101
2015,5,3,724,118,384,72,8,89
2015,5,4,648,191,276,84,12,97
2015,5,5,561,212,183,89,9,89
2015,5,6,499,266,168,88,5,109
2015,5,7,792,221,371,84,4,112
2015,5,8,667,237,285,103,10,113
2015,5,9,658,139,316,85,7,99
2015,5,10,821,226,403,85,4,121
2015,5,11,632,237,283,78,6,79
2015,5,12,598,214,231,104,2,118
2015,5,13,651,237,250,94,4,102
2015,5,14,568,276,197,100,5,118
2015,5,15,532,255,202,103,10,125
2015,5,16,681,155,321,93,5,101
2015,5,17,679,151,314,72,7,91
2015,5,18,559,230,194,81,7,103
2015,5,19,600,257,176,86,5,97
2015,5,20,569,250,152,70,6,81
2015,5,21,543,257,158,76,6,89
2015,5,22,593,230,181,77,4,93
2015,5,23,782,162,315,61,2,86
2015,5,24,773,155,338,64,6,86
2015,5,25,591,213,215,88,5,103
2015,5,26,565,236,174,84,7,92
2015,5,27,564,280,165,64,2,69
2015,5,28,719,225,210,62,5,75
2015,5,29,545,215,193,94,6,100
2015,5,30,672,127,284,69,4,76
2015,5,31,712,168,322,77,7,105
2015,6,1,619,250,224,86,2,103
2015,6,2,644,253,201,75,4,76
2015,6,3,652,233,207,95,6,104
2015,6,4,749,144,328,69,9,86
2015,6,5,620,231,240,117,10,148
2015,6,6,710,134,317,74,5,95
2015,6,7,975,144,527,89,16,100
2015,6,8,691,233,243,83,0,113
2015,6,9,632,309,223,83,4,101
2015,6,10,708,287,209,79,3,100
2015,6,11,791,343,288,88,6,88
2015,6,12,619,283,228,108,6,182
2015,6,13,786,134,364,106,10,131
2015,6,14,898,136,418,93,18,135
2015,6,15,708,256,266,83,3,100
2015,6,16,690,275,232,113,7,141
2015,6,17,635,294,213,98,7,103
2015,6,18,643,279,215,80,6,105
2015,6,19,682,234,232,94,5,108
2015,6,20,726,136,327,89,7,120
2015,6,21,773,151,369,78,9,117
2015,6,22,733,231,280,102,8,139
2015,6,23,711,250,179,85,5,108
2015,6,24,572,257,186,78,6,86
2015,6,25,679,290,199,71,6,74
2015,6,26,633,278,235,110,5,136
2015,6,27,797,156,370,77,5,99
2015,6,28,946,137,420,75,7,110
2015,6,29,786,232,342,96,8,112
2015,6,30,671,268,254,82,3,95
2015,7,1,662,222,223,91,5,98
2015,7,2,678,247,256,113,7,133
2015,7,3,684,217,292,105,6,116
2015,7,4,755,139,372,113,10,133
2015,7,5,767,126,376,96,8,141
2015,7,6,739,188,332,98,7,123
2015,7,7,688,266,230,99,6,107
2015,7,8,714,225,238,121,5,154
2015,7,9,714,248,237,86,6,116
2015,7,10,658,251,222,83,5,99
2015,7,11,797,143,353,90,9,124
2015,7,12,882,143,403,83,17,122
2015,7,13,710,235,319,81,10,103
2015,7,14,633,244,244,88,6,111
2015,7,15,673,245,235,80,6,89
2015,7,16,745,257,259,86,3,107
2015,7,17,643,222,257,100,7,123
2015,7,18,829,160,404,91,3,110
2015,7,19,877,133,389,81,10,123
2015,7,20,645,195,263,89,4,107
2015,7,21,657,220,258,87,9,101
2015,7,22,689,225,233,79,12,95
2015,7,23,698,246,234,67,14,117
2015,7,24,650,196,248,81,7,88
2015,7,25,796,162,364,107,8,130
2015,7,26,755,108,327,74,5,92
2015,7,27,884,197,403,84,9,97
2015,7,28,595,201,195,92,11,101
2015,7,29,672,246,249,66,6,84
2015,7,30,620,260,218,67,5,73
2015,7,31,564,252,223,96,8,119
2015,8,1,722,146,286,111,7,143
2015,8,2,807,130,403,72,8,118
2015,8,3,732,199,330,103,12,118
2015,8,4,546,190,205,96,7,115
2015,8,5,658,228,241,90,9,103
2015,8,6,634,248,240,101,8,115
2015,8,7,634,197,273,96,8,99
2015,8,8,720,151,369,106,7,137
2015,8,9,816,125,390,91,5,132
2015,8,10,729,212,339,101,8,127
2015,8,11,636,227,260,89,6,112
2015,8,12,738,220,242,110,10,132
2015,8,13,701,211,268,108,2,140
2015,8,14,721,218,305,109,6,122
2015,8,15,807,155,432,95,9,124
2015,8,16,794,789,396,89,6,124
2015,8,17,759,206,359,95,6,112
2015,8,18,625,224,216,94,9,111
2015,8,19,586,252,176,84,5,111
2015,8,20,650,249,226,106,11,122
2015,8,21,590,216,241,102,7,114
2015,8,22,702,150,280,89,11,98
2015,8,23,799,123,373,81,6,92
2015,8,24,624,187,268,112,8,149
2015,8,25,643,254,244,90,6,121
2015,8,26,624,267,214,84,4,125
2015,8,27,635,235,206,95,10,99
2015,8,28,709,238,283,98,5,120
2015,8,29,844,136,409,97,4,116
2015,8,30,863,138,438,98,11,122
2015,8,31,676,232,279,106,8,138
2015,9,1,654,264,273,83,6,104
2015,9,2,642,266,211,78,8,87
2015,9,3,625,302,220,77,2,86
2015,9,4,629,271,216,116,9,168
2015,9,5,729,160,321,84,4,107
2015,9,6,799,173,348,81,8,110
2015,9,7,554,180,203,82,4,97
2015,9,8,491,215,129,84,4,100
2015,9,9,644,238,203,74,4,87
2015,9,10,658,266,208,96,9,108
2015,9,11,692,249,237,101,12,106
2015,9,12,814,153,373,102,10,115
2015,9,13,833,158,348,86,6,100
2015,9,14,669,210,268,83,9,95
2015,9,15,693,247,221,101,5,105
2015,9,16,692,248,252,105,9,129
2015,9,17,693,288,248,90,4,105
2015,9,18,669,270,257,131,10,145
2015,9,19,742,144,295,113,14,130
2015,9,20,827,126,375,80,13,104
2015,9,21,805,267,344,91,4,104
2015,9,22,612,263,191,101,5,110
2015,9,23,653,256,217,72,2,78
2015,9,24,632,267,200,74,6,81
2015,9,25,673,241,240,88,12,91
2015,9,26,640,132,250,118,10,151
2015,9,27,1010,131,610,73,11,87
2015,9,28,661,207,244,87,10,98
2015,9,29,591,257,178,86,4,96
2015,9,30,558,269,174,83,11,101
2015,10,1,650,252,222,113,8,121
2015,10,2,699,221,250,97,8,105
2015,10,3,755,148,323,105,9,125
2015,10,4,791,137,350,99,13,124
2015,10,5,754,229,303,99,4,136
2015,10,6,667,249,209,86,8,92
2015,10,7,665,278,178,91,6,107
2015,10,8,575,255,172,85,8,93
2015,10,9,697,214,249,95,8,115
2015,10,10,700,142,289,85,6,111
2015,10,11,700,140,312,57,6,81
2015,10,12,613,194,239,92,6,121
2015,10,13,547,246,170,98,9,115
2015,10,14,634,280,184,85,4,100
2015,10,15,617,251,186,92,3,109
2015,10,16,699,259,197,97,15,127
2015,10,17,804,155,337,97,9,119
2015,10,18,788,114,333,75,9,101
2015,10,19,742,238,241,99,1,137
2015,10,20,618,237,190,69,8,66
2015,10,21,618,262,199,83,12,89
2015,10,22,644,261,214,97,5,112
2015,10,23,633,264,203,86,7,99
2015,10,24,811,153,347,73,12,94
2015,10,26,943,174,372,77,4,109
2015,10,26,621,228,223,77,9,93
2015,10,27,618,218,185,93,5,105
2015,10,28,575,234,177,78,4,95
2015,10,29,594,291,176,82,6,91
2015,10,30,654,267,234,84,10,92
2015,10,31,729,185,310,85,12,102
2015,11,1,623,145,270,56,8,71
2015,11,2,609,284,209,69,6,75
2015,11,3,549,236,182,79,10,83
2015,11,4,606,278,175,69,5,86
2015,11,5,581,266,161,61,2,67
2015,11,6,643,264,196,81,6,89
2015,11,7,702,137,281,99,5,150
2015,11,8,764,124,305,66,6,85
2015,11,9,602,234,219,91,13,133
2015,11,10,638,247,177,123,10,147
2015,11,11,771,161,300,76,5,88
2015,11,12,738,271,246,73,4,95
2015,11,13,635,275,242,88,7,109
2015,11,14,682,142,257,67,10,67
2015,11,15,642,133,266,81,5,98
2015,11,16,580,244,213,124,11,142
2015,11,17,518,250,142,109,7,128
2015,11,18,572,251,137,101,6,106
2015,11,19,622,249,157,110,5,118
2015,11,20,589,258,175,125,9,139
2015,11,21,710,169,271,95,14,101
2015,11,22,664,138,268,55,5,73
2015,11,23,566,242,188,83,7,106
2015,11,24,540,249,124,75,1,91
2015,11,25,517,243,130,73,4,83
2015,11,26,565,263,144,68,5,80
2015,11,27,496,213,157,86,9,93
2015,11,28,930,141,472,84,11,96
2015,11,29,775,144,351,65,6,68
2015,11,30,550,234,233,106,17,108
2015,12,1,580,285,168,95,7,107
2015,12,2,642,292,190,128,10,144
2015,12,3,632,300,182,89,4,98
2015,12,8,666,278,200,83,10,84
2015,12,9,573,249,166,96,10,101
2015,12,10,620,272,175,120,10,123
2015,12,11,569,276,172,124,11,147
2015,12,12,663,139,232,92,16,107
2015,12,13,606,120,233,73,10,86
2015,12,14,552,243,190,97,8,105
2015,12,15,558,259,164,98,10,99
2015,12,16,574,247,156,97,7,104
2015,12,17,548,246,166,128,14,136
2015,12,18,604,249,177,169,13,179
2015,12,19,706,167,272,96,9,112
2015,12,20,702,129,258,72,5,101
2015,12,21,598,223,234,129,17,137
2015,12,22,583,266,183,133,12,146
2015,12,23,653,256,207,109,12,123
2015,12,24,516,170,210,72,4,95
2015,12,25,380,80,153,39,1,74
2015,12,26,466,80,203,52,9,66
2015,12,27,573,131,207,66,10,75
2015,12,28,569,263,222,72,7,81
2015,12,29,507,307,149,67,8,82
2015,12,30,491,265,139,56,3,60
2015,12,31,374,178,117,46,6,53
2016,1,1,764,118,285,40,11,38
2016,1,2,345,123,129,30,3,37
2016,1,3,352,117,106,22,2,24
2016,1,4,317,235,78,31,3,44
2016,1,5,395,274,96,59,7,71
2016,1,6,351,165,110,32,3,43
2016,1,7,493,266,129,47,5,54
2016,1,8,554,234,145,107,11,121
2016,1,9,580,165,191,84,8,108
2016,1,10,572,178,180,51,4,69
2016,1,11,468,233,121,84,6,108
2016,1,12,543,253,129,116,5,131
2016,1,13,549,281,118,84,4,92
2016,1,14,590,311,150,69,5,76
2016,1,15,530,263,148,88,4,110
2016,1,16,566,139,171,48,3,59
2016,1,17,499,148,195,27,2,34
2016,1,18,547,241,127,56,5,59
2016,1,19,503,318,97,32,2,38
2016,1,20,499,289,99,60,1,81
2016,1,21,553,298,113,69,4,71
2016,1,22,573,266,129,60,3,81
2016,1,23,487,148,157,58,5,71
2016,1,24,577,133,186,34,3,41
2016,1,25,540,231,158,71,4,97
2016,1,26,574,281,143,70,9,76
2016,1,27,584,273,123,66,7,74
2016,1,28,704,345,164,58,3,72
2016,1,29,554,299,138,100,5,109
2016,1,30,637,168,226,70,6,72
2016,1,31,609,144,225,46,6,59
2016,2,1,571,278,166,71,5,81
2016,2,2,668,295,158,56,4,63
2016,2,3,667,358,157,55,4,58
2016,2,4,539,259,140,76,6,105
2016,2,5,860,285,357,68,6,81
2016,2,6,708,177,284,55,9,60
2016,2,7,753,134,326,65,6,82
2016,2,8,682,283,206,72,6,94
2016,2,9,684,332,177,58,7,61
2016,2,10,598,290,150,99,9,122
2016,2,11,655,286,161,74,0,92
2016,2,12,685,297,212,64,3,87
2016,2,13,700,168,222,54,6,56
2016,2,14,735,129,252,40,6,52
2016,2,15,636,259,207,65,5,77
2016,2,16,619,267,154,54,1,69
2016,2,17,624,248,151,58,2,69
2016,2,18,647,300,161,56,7,62
2016,2,19,597,247,174,99,7,111
2016,2,20,675,165,262,52,4,70
2016,2,21,625,145,209,39,4,50
2016,2,22,660,283,197,68,9,79
2016,2,23,621,294,165,69,4,76
2016,2,24,619,297,137,67,2,76
2016,2,25,597,273,151,83,7,88
2016,2,26,665,331,201,63,3,80
2016,2,27,669,189,240,85,7,117
2016,2,28,715,149,260,47,3,61
2016,2,29,572,258,174,85,5,107
2016,3,1,542,255,121,87,10,114
2016,3,2,630,276,189,60,3,72
2016,3,3,698,287,177,55,5,63
2016,3,4,708,274,201,62,8,71
2016,3,5,849,157,368,42,2,61
2016,3,6,688,121,274,39,6,46
2016,3,7,637,260,181,56,2,73
2016,3,8,717,249,194,66,3,85
2016,3,9,1029,281,242,64,8,78
2016,3,10,702,256,218,61,6,69
2016,3,10,702,256,218,61,6,69
2016,3,11,692,248,209,87,11,91
2016,3,12,754,127,255,83,14,83
2016,3,13,727,130,264,48,3,60
2016,3,14,665,247,238,76,3,102
2016,3,15,643,279,176,61,2,81
2016,3,16,696,279,193,63,2,90
2016,3,17,764,308,242,75,8,80
2016,3,18,729,281,220,73,6,86
2016,3,19,697,168,257,56,5,77
2016,3,20,731,141,267,42,4,57
2016,3,21,665,221,197,57,3,74
2016,3,22,646,220,183,95,7,132
2016,3,23,599,247,161,73,6,84
2016,3,24,636,266,202,67,3,84
2016,3,25,717,302,243,63,2,72
2016,3,26,647,180,267,79,16,107
2016,3,27,482,122,230,38,4,47
2016,3,28,717,133,321,60,6,89
2016,3,29,660,266,267,73,15,100
2016,3,31,638,276,105,62,6,75
2016,4,1,665,231,202,66,7,70
2016,4,2,648,163,261,71,8,80
2016,4,3,723,141,285,83,4,106
2016,4,4,710,237,239,76,9,85
2016,4,5,733,243,238,91,8,127
2016,4,6,689,250,218,93,7,103
2016,4,7,703,272,196,71,1,90
2016,4,8,673,270,211,79,10,90
2016,4,9,644,130,247,82,13,103
2016,4,10,690,156,302,49,3,74
2016,4,11,758,238,313,59,5,72
2016,4,12,666,282,198,75,7,78
2016,4,13,769,286,268,79,8,86
2016,4,14,662,298,215,71,9,78
2016,4,15,648,223,228,87,8,94
2016,4,16,700,157,290,85,9,97
2016,4,17,779,130,336,90,6,121
2016,4,18,637,246,220,78,12,83
2016,4,19,641,233,185,76,4,87
2016,4,20,613,275,173,77,2,96
2016,4,21,642,292,213,76,1,93
2016,4,22,653,269,233,94,5,116
2016,4,23,717,132,287,83,4,106
2016,4,24,633,142,287,62,5,81
2016,4,25,713,236,278,63,3,70
2016,4,26,581,279,180,90,5,98
2016,4,27,564,245,166,88,6,109
2016,4,28,615,262,193,65,5,70
2016,4,29,632,229,232,107,6,121
2016,4,30,737,149,325,79,7,95
2016,4,30,581,258,171,70,4,87
2016,5,1,772,144,377,73,6,81
2016,5,2,699,173,310,82,9,104
2016,5,3,612,117,308,59,5,86
2016,5,4,616,197,228,85,7,115
2016,5,5,596,243,180,99,5,115
2016,5,6,625,253,229,115,5,127
2016,5,7,684,139,286,98,7,109
2016,5,8,737,153,300,85,6,112
2016,5,9,709,200,281,95,6,109
2016,5,10,595,214,183,99,5,113
2016,5,11,694,234,186,103,7,117
2016,5,12,692,239,223,101,8,106
2016,5,13,668,262,221,104,2,119
2016,5,14,697,127,279,101,13,132
2016,5,15,710,130,316,90,9,132
2016,5,16,577,242,213,102,6,153
2016,5,17,541,231,132,82,7,92
2016,5,18,550,255,151,78,6,92
2016,5,19,664,234,245,89,5,110
2016,5,20,633,246,224,115,6,158
2016,5,21,682,147,299,100,12,113
2016,5,22,740,132,346,103,7,139
2016,5,23,622,222,218,101,3,121
2016,5,24,588,269,192,129,5,151
2016,5,25,849,252,437,108,5,124
2016,5,26,715,149,321,83,4,106
2016,5,27,638,228,270,116,16,128
2016,5,28,712,150,276,90,17,115
2016,5,29,762,121,358,84,7,114
2016,5,30,544,239,216,93,6,110
2016,5,31,497,254,169,114,7,132
2016,6,1,549,240,169,93,3,105
2016,6,2,623,258,215,100,9,114
2016,6,3,664,254,236,113,7,124
2016,6,4,695,145,313,111,9,123
2016,6,5,713,150,330,93,7,132
2016,6,6,593,242,243,122,7,160
2016,6,7,581,256,202,124,7,146
2016,6,8,636,245,212,115,14,154
2016,6,9,632,294,201,92,7,111
2016,6,10,669,241,232,112,9,138
2016,6,11,674,168,311,79,7,91
2016,6,12,1081,151,629,98,3,122
2016,6,13,723,216,313,97,15,109
2016,6,14,623,263,197,86,7,95
2016,6,15,627,249,218,104,6,122
2016,6,16,593,246,217,108,8,118
2016,6,17,668,239,254,96,9,119
2016,6,18,674,142,299,104,9,143
2016,6,19,763,148,360,87,9,123
2016,6,20,696,211,323,124,10,165
2016,6,21,529,226,179,100,11,120
2016,6,22,681,223,261,113,5,139
2016,6,23,582,253,195,129,1,153
2016,6,24,686,260,258,124,8,132
2016,6,25,745,172,358,111,8,140
2016,6,26,897,143,456,84,12,130
2016,6,27,659,215,285,85,4,101
2016,6,28,630,269,218,82,5,92
2016,6,29,658,244,208,91,8,107
2016,6,30,594,279,199,105,8,156
2016,7,1,777,216,329,112,8,124
2016,7,2,725,168,334,92,9,112
2016,7,3,747,154,360,97,10,137
2016,7,4,609,238,253,97,7,121
2016,7,5,705,267,231,104,6,135
2016,7,6,602,263,208,102,7,123
2016,7,7,571,264,195,97,2,128
2016,7,8,692,254,276,100,12,105
2016,7,9,168,840,353,101,6,139
2016,7,10,861,155,398,89,9,108
2016,7,11,770,262,373,101,5,137
2016,7,12,804,312,318,120,9,148
2016,7,13,742,322,263,103,2,138
2016,7,14,652,268,185,110,11,128
2016,7,15,635,256,213,94,8,118
2016,7,16,787,172,351,86,4,103
2016,7,17,823,176,387,74,6,90
2016,7,18,763,766,309,91,11,116
2016,7,19,627,270,193,74,3,81
2016,7,20,640,262,229,89,6,104
2016,7,21,631,228,228,90,4,118
2016,7,22,672,243,253,109,9,119
2016,7,23,1053,152,348,84,11,114
2016,7,24,865,150,415,93,9,137
2016,7,25,714,223,296,94,7,123
2016,7,26,658,238,239,90,5,110
2016,7,27,618,216,234,109,2,134
2016,7,28,585,230,199,87,7,107
2016,7,29,531,214,206,118,10,160
2016,7,30,668,156,299,112,7,136
2016,7,31,790,148,356,93,7,138
2016,8,1,523,186,210,115,9,159
2016,8,2,540,212,201,103,6,122
2016,8,3,617,252,192,105,11,142
2016,8,4,528,255,206,86,11,96
2016,8,5,621,205,235,128,8,162
2016,8,6,618,133,290,92,3,122
2016,8,7,681,146,356,104,11,150
2016,8,8,654,210,323,110,10,134
2016,8,9,598,248,205,90,9,104
2016,8,10,547,241,182,108,7,138
2016,8,11,573,221,188,85,3,98
2016,8,12,669,224,240,93,4,110
2016,8,13,657,140,323,98,11,138
2016,8,14,776,126,367,102,15,141
2016,8,15,675,131,348,80,7,111
2016,8,16,553,165,215,96,4,130
2016,8,17,497,185,184,76,12,78
2016,8,18,497,230,160,75,9,93
2016,8,19,551,195,235,102,9,120
2016,8,20,603,145,284,90,11,119
2016,8,21,670,138,314,111,13,157
2016,8,22,645,213,273,85,8,107
2016,8,23,558,213,198,90,6,108
2016,8,24,534,260,203,68,8,78
2016,8,25,546,248,203,122,9,135
2016,8,26,600,221,267,157,16,165
2016,8,27,741,140,339,112,7,146
2016,8,28,859,149,463,120,11,154
2016,8,29,657,233,276,106,12,136
2016,8,30,493,278,180,111,8,121
2016,8,31,521,299,167,119,6,132
2016,9,1,547,247,198,113,6,121
2016,9,2,629,239,195,100,7,131
2016,9,3,665,150,261,90,17,93
2016,9,4,687,146,307,101,17,132
2016,9,5,566,189,219,102,6,120
2016,9,6,548,255,161,85,5,86
2016,9,7,589,275,175,103,10,125
2016,9,8,574,259,180,110,5,125
2016,9,9,603,259,251,120,8,152
2016,9,10,688,147,312,102,10,114
2016,9,11,734,164,355,111,15,141
2016,9,12,654,253,256,125,10,146
2016,9,13,628,295,213,96,5,102
2016,9,14,645,267,225,89,10,97
2016,9,15,596,286,189,120,5,137
2016,9,16,581,232,220,119,10,127
2016,9,17,641,153,275,115,13,143
2016,9,18,575,133,241,91,13,122
2016,9,19,580,271,226,94,9,116
2016,9,20,488,291,137,75,5,81
2016,9,21,539,298,157,91,9,109
2016,9,22,558,327,169,88,4,99
2016,9,23,623,289,221,90,5,111
2016,9,24,626,157,267,102,9,137
2016,9,25,654,146,336,73,4,95
2016,9,26,839,209,406,112,13,131
2016,9,27,586,265,200,90,7,101
2016,9,28,541,306,171,73,7,80
2016,9,29,593,257,177,88,7,99
2016,9,30,627,319,227,111,9,138
2016,10,1,731,136,312,99,14,110
2016,10,2,761,151,361,122,16,151
2016,10,3,570,184,208,136,14,162
2016,10,4,484,247,132,110,7,127
2016,10,5,520,271,134,98,2,111
2016,10,6,482,240,151,106,11,123
2016,10,7,578,245,194,86,8,113
2016,10,8,610,154,243,103,9,126
2016,10,9,665,154,292,80,15,108
2016,10,10,572,209,217,111,7,128
2016,10,11,541,276,171,105,7,127
2016,10,12,542,255,153,84,6,93
2016,10,13,559,233,148,73,5,83
2016,10,14,628,274,198,110,8,143
2016,10,15,589,142,269,87,10,107
2016,10,16,707,166,316,76,18,101
2016,10,17,553,219,199,92,14,103
2016,10,18,632,265,206,69,2,85
2016,10,19,578,252,173,84,7,93
2016,10,20,622,252,201,107,12,110
2016,10,21,558,255,189,120,6,144
2016,10,22,696,149,262,90,9,110
2016,10,23,738,141,313,70,8,89
2016,10,24,569,266,206,93,11,115
2016,10,25,582,239,172,95,16,115
2016,10,26,585,258,151,88,6,104
2016,10,27,521,269,164,65,4,78
2016,10,28,626,291,194,96,5,107
2016,10,29,616,141,278,96,14,124
2016,10,30,717,166,304,80,4,107
2016,10,31,556,272,221,81,9,92
2016,11,1,507,148,200,75,7,101
2016,11,2,515,245,166,106,10,123
2016,11,3,467,282,117,74,3,90
2016,11,4,525,252,165,81,4,94
2016,11,5,646,141,252,71,8,81
2016,11,6,657,144,259,69,8,88
2016,11,7,502,220,188,101,10,109
2016,11,8,472,263,143,75,2,79
2016,11,9,518,251,135,60,4,71
2016,11,10,590,230,196,100,10,112
2016,11,11,617,153,244,50,10,56
2016,11,12,591,136,243,54,9,62
2016,11,13,594,133,234,46,5,63
2016,11,14,488,248,205,69,3,78
2016,11,15,519,255,128,81,6,94
2016,11,16,514,296,141,107,10,115
2016,11,17,527,272,133,87,3,100
2016,11,18,636,254,195,83,7,85
2016,11,19,683,166,258,83,3,92
2016,11,20,681,154,301,79,15,88
2016,11,21,631,258,235,95,9,100
2016,11,22,589,295,176,105,10,118
2016,11,23,522,278,162,98,8,103
2016,11,24,587,264,154,84,6,100
2016,11,25,581,239,204,79,6,94
2016,11,26,702,131,262,66,3,85
2016,11,27,719,139,328,65,3,82
2016,11,28,502,221,143,110,4,143
2016,11,29,441,262,122,94,8,114
2016,11,30,564,280,203,84,2,92
2016,12,1,546,246,166,121,6,138
2016,12,2,488,241,139,117,11,123
2016,12,3,564,170,346,101,13,128
2016,12,4,593,150,226,54,9,63
2016,12,5,490,232,174,84,8,95
2016,12,6,490,274,156,95,6,121
2016,12,7,468,273,126,90,7,101
2016,12,8,503,287,121,77,6,98
2016,12,9,584,295,213,102,9,99
2016,12,10,682,163,276,103,13,114
2016,12,11,634,139,280,79,5,103
2016,12,12,631,232,243,126,6,142
2016,12,13,517,258,148,86,7,93
2016,12,14,532,239,134,82,7,96
2016,12,15,490,272,133,104,9,118
2016,12,16,476,257,160,86,9,99
2016,12,17,538,154,196,78,9,101
2016,12,18,523,131,202,87,5,117
2016,12,19,448,237,158,91,8,97
2016,12,20,436,240,136,103,7,120
2016,12,21,463,295,136,116,11,132
2016,12,22,480,290,140,111,5,133
2016,12,23,535,341,194,94,6,97
2016,12,24,428,134,177,58,5,81
2016,12,25,380,95,163,45,2,56
2016,12,26,445,127,205,64,11,73
2016,12,27,441,267,165,68,11,70
2016,12,28,437,297,119,70,8,80
2016,12,29,428,290,124,76,8,91
2016,12,30,429,312,150,65,2,81
2016,12,31,465,147,151,65,7,86
2017,1,1,759,142,320,65,11,77
2017,1,2,435,221,160,56,5,73
2017,1,3,444,323,102,73,10,77
2017,1,4,420,324,89,75,7,88
2017,1,5,447,290,87,69,4,82
2017,1,6,395,144,107,21,4,27
2017,1,7,355,129,112,35,4,48
2017,1,8,377,108,143,24,3,33
2017,1,9,400,257,114,43,5,49
2017,1,10,507,283,105,58,7,75
2017,1,11,504,295,108,61,4,74
2017,1,12,542,299,134,64,4,76
2017,1,13,543,287,129,72,1,94
2017,1,14,570,180,177,56,4,71
2017,1,15,611,216,218,30,1,52
2017,1,16,509,291,146,45,0,56
2017,1,17,536,293,118,41,1,54
2017,1,18,544,315,136,44,5,44
2017,1,19,542,304,119,48,2,57
2017,1,20,578,317,148,77,12,92
2017,1,21,578,211,197,52,5,63
2017,1,22,574,154,212,39,4,45
2017,1,23,531,245,128,45,6,47
2017,1,24,536,322,131,62,4,67
2017,1,25,547,304,127,32,3,39
2017,1,26,662,345,165,50,3,52
2017,1,27,528,328,124,65,2,93
2017,1,28,549,196,163,48,2,56
2017,1,29,559,147,214,38,3,42
2017,1,30,507,306,147,46,2,54
2017,1,31,488,334,107,54,4,69
2017,2,1,582,313,148,61,7,65
2017,2,2,562,295,128,62,5,67
2017,2,3,735,345,258,49,7,65
2017,2,4,673,181,224,31,4,37
2017,2,5,599,151,210,50,6,62
2017,2,6,555,265,137,51,6,62
2017,2,7,517,322,113,65,8,78
2017,2,8,511,304,118,52,1,61
2017,2,9,563,300,124,40,0,48
2017,2,10,590,289,147,52,4,63
2017,2,11,652,175,222,47,4,64
2017,2,12,602,122,221,33,3,53
2017,2,13,534,253,157,49,4,58
2017,2,14,582,290,164,66,4,77
2017,2,15,623,308,170,82,2,97
2017,2,16,676,296,165,58,7,72
2017,2,17,709,286,171,84,5,109
2017,2,18,693,179,221,59,6,78
2017,2,19,702,148,248,50,10,59
2017,2,20,606,275,163,78,6,99
2017,2,21,559,296,171,42,4,40
2017,2,22,621,317,145,77,2,96
2017,2,23,619,326,173,68,3,78
2017,2,24,629,312,170,68,4,93
2017,2,25,649,195,236,54,3,73
2017,2,26,735,153,286,52,6,66
2017,2,27,617,310,199,71,5,77
2017,2,28,655,344,190,65,1,80
2017,3,1,689,271,191,50,5,50
2017,3,2,627,292,186,73,4,97
2017,3,3,652,289,199,73,7,87
2017,3,4,751,172,268,54,6,57
2017,3,5,801,145,301,58,6,72
2017,3,6,724,250,217,68,8,76
2017,3,7,733,308,214,68,2,77
2017,3,8,658,356,187,57,5,66
2017,3,9,765,307,237,49,8,59
2017,3,10,749,321,216,53,8,58
2017,3,11,729,155,280,44,5,63
2017,3,12,784,139,315,48,6,58
2017,3,13,720,260,252,64,5,69
2017,3,14,726,301,197,51,6,58
2017,3,15,719,334,198,63,5,65
2017,3,16,754,328,234,58,6,66
2017,3,17,737,329,202,74,5,99
2017,3,18,667,178,246,83,7,98
2017,3,19,675,153,276,39,0,53
2017,3,20,650,309,218,68,6,76
2017,3,21,756,336,203,80,10,105
2017,3,22,660,286,184,71,5,83
2017,3,23,632,281,176,54,3,62
2017,3,24,681,384,210,71,1,88
2017,3,25,716,169,260,63,5,82
2017,3,26,676,130,262,68,3,103
2017,3,27,651,250,255,72,10,90
2017,3,28,688,332,240,85,6,101
2017,3,29,647,313,195,59,0,74
2017,3,30,672,313,195,66,4,81
2017,3,31,690,309,197,89,7,96
2017,4,1,779,155,334,101,5,130
2017,4,2,790,156,359,90,5,105
2017,4,3,685,265,272,80,6,104
2017,4,4,603,267,200,71,5,86
2017,4,5,611,251,208,78,9,89
2017,4,6,562,278,138,84,4,101
2017,4,7,575,291,149,89,7,100
2017,4,8,710,159,272,75,4,113
2017,4,9,747,135,339,48,4,58
2017,4,10,682,262,252,95,8,109
2017,4,11,621,273,188,87,5,103
2017,4,12,658,236,188,87,5,94
2017,4,13,604,295,183,107,12,125
2017,4,14,694,342,264,86,10,92
2017,4,15,710,183,275,80,8,94
2017,4,16,506,111,224,51,4,77
2017,4,17,588,141,266,56,7,90
2017,4,18,565,324,196,65,9,94
2017,4,19,526,248,143,61,5,83
2017,4,20,533,242,162,42,3,52
2017,4,21,571,255,154,53,3,60
2017,4,22,610,133,228,54,5,65
2017,4,23,608,141,259,58,3,68
2017,4,24,569,219,174,66,3,90
2017,4,25,593,244,168,55,5,82
2017,4,26,558,251,152,86,4,103
2017,4,27,499,274,149,63,7,76
2017,4,28,526,225,159,92,6,113
2017,4,29,642,142,253,75,7,97
2017,4,30,746,134,341,42,5,45
2017,5,1,629,136,305,48,4,62
2017,5,2,595,150,259,65,5,95
2017,5,3,595,116,254,34,3,65
2017,5,4,465,213,152,60,7,62
2017,5,5,560,238,181,90,5,101
2017,5,6,602,137,243,61,4,78
2017,5,7,630,126,229,59,3,75
2017,5,8,566,216,216,68,4,91
2017,5,9,548,234,160,59,2,68
2017,5,10,612,238,204,79,11,84
